target_participation,actual_participation,day,step,data_idx,clock_hour,reward,safety,converged,grid_p_mw,ev_p_mw,min_vm_pu,max_vm_pu,max_line_loading_percent,max_trafo_loading_percent
0.0,0.0,0,0,16,8.0,0.0,0.0,True,0.7648049050134207,0.0,0.9844640013999753,1.0247631275862863,12.485221957224562,42.654938829530394
0.0,0.0,0,1,17,8.5,0.0,0.0,True,0.7498105435982791,0.0,0.9850767666087726,1.0257427600592706,12.227323260384185,41.77341046036648
0.0,0.0,0,2,18,9.0,0.0,0.0,True,0.8733031420373254,0.13502901419997215,0.9803277501933959,1.021037618217951,11.96942431464571,40.891992767086506
0.0,0.0,0,3,19,9.5,0.0,0.0,True,0.8820987083364004,0.15760000652590034,0.9775080292673405,1.0193004608154297,11.718840696564007,40.03553914583305
0.0,0.0,0,4,20,10.0,0.0,0.0,True,0.8940473282748934,0.18529515969567,0.9776650403083175,1.0188877582550049,11.468259532189249,39.179032058961745
0.0,0.0,0,5,21,10.5,0.0,0.0,True,0.8910246390233126,0.1918899884603552,0.9775993072594122,1.0189946302992234,11.312787880686246,38.64762058518394
0.0,0.0,0,6,22,11.0,0.0,0.0,True,0.8479766636736564,0.16126960550215097,0.9810821572434946,1.0228793201174757,11.157318558302984,38.11614342495414
0.0,0.0,0,7,23,11.5,0.0,0.0,True,0.713936272404063,0.040379611426403735,0.9859682727916763,1.0282489366039154,11.005504557563157,37.5971312061086
0.0,0.0,0,8,24,12.0,0.0,0.0,True,0.6820361361405891,0.01920000091195108,0.9874264264803372,1.0299871911722513,10.853692535881358,37.07819698133463
0.0,0.0,0,9,25,12.5,0.0,0.0,True,0.6597636418279161,0.000883443217642541,0.988970129074272,1.031671025331319,10.817111057253998,36.9531268664324
0.0,0.0,0,10,26,13.0,0.0,0.0,True,0.655577314478146,0.0,0.9892012009328954,1.0319625678928797,10.780528963042926,36.82808195195905
0.0,0.0,0,11,27,13.5,0.0,0.0,True,0.6579187285112701,0.0,0.9890679819998606,1.0318005055644943,10.796990890400822,36.884352717339475
0.0,0.0,0,12,28,14.0,0.0,0.0,True,0.660260640343062,0.0,0.9889348509719712,1.0316385351008246,10.81345309317336,36.94062442242461
0.0,0.0,0,13,29,14.5,0.0,0.0,True,0.7846864251897205,0.10000000149011612,0.986623939425524,1.0287415529858697,11.166462760412758,38.147283737789095
0.0,0.0,0,14,30,15.0,0.0,0.0,True,0.707520528199468,0.0003482547937915135,0.9868550352859763,1.0285328235295559,11.519474239754986,39.35389657267881
0.0,0.0,0,15,31,15.5,0.0,0.0,True,0.7516311285019897,0.0,0.9849295756231606,1.0256057586277376,12.212691180637703,41.723400052562084
0.0,0.0,0,16,32,16.0,0.0,0.0,True,0.8383862489531544,0.03599999938160181,0.9805252951570191,1.0263719347167288,12.905907706008012,44.09282979969603
0.0,0.0,0,17,33,16.5,0.0,0.0,True,0.8923905918245734,0.06479999888688326,0.983871167403629,1.0295533040534417,13.196729666140552,45.086809755082854
0.0,0.0,0,18,34,17.0,0.0,0.0,True,1.0633309176941579,0.20789931899315026,0.9722042242649072,1.0222135782241821,13.487551079135674,46.08110185005538
0.0,0.0,0,19,35,17.5,0.0,0.0,True,0.9396939877609713,0.09360000077991074,0.9812456823490726,1.026370256343798,13.494867260402286,46.10591975229747
0.0,0.0,0,20,36,18.0,0.0,0.0,True,0.9653620905572292,0.11928257205072264,0.9793741052664198,1.024362967193831,13.502183266663256,46.13096556918683
0.0,0.0,0,21,37,18.5,0.0,0.0,True,0.9476806636582223,0.10768746893154457,0.9805242331074374,1.0256840400821476,13.429020961537844,45.88086763725746
0.0,0.0,0,22,38,19.0,0.0,0.0,True,0.9287259980316253,0.09485494425954696,0.9815430336825204,1.026864204982544,13.35585805414629,45.630770412885305
0.0,0.0,0,23,39,19.5,0.0,0.0,True,0.915196631132031,0.0856537777588176,0.9822260468505409,1.0277147964412918,13.260747048652851,45.30566008141055
0.0,0.0,0,24,40,20.0,0.0,0.0,True,0.8800116788478186,0.055877146987494346,0.9841725459416951,1.0299128742031274,13.165634755787876,44.98051891635854
0.0,0.0,0,25,41,20.5,0.0,0.0,True,0.8440760935558085,0.050399999227012084,0.9795734391807931,1.0255351376082689,12.76506847703648,43.61145148579642
0.0,0.0,0,26,42,21.0,0.0,0.0,True,0.803094423875366,0.03914267065929307,0.9817436682591306,1.0220333174464633,12.364502631852035,42.24236838276191
0.0,0.0,0,27,43,21.5,0.0,0.0,True,0.7738701330100584,0.02797423334710275,0.983357780235899,1.024093558407689,12.091972512431862,41.31080797444156
0.0,0.0,0,28,44,22.0,0.0,0.0,True,0.7384056013705941,0.010748623144494564,0.985177235781237,1.0263706320844554,11.81944093897148,40.379238367129936
0.0,0.0,0,29,45,22.5,0.0,0.0,True,0.720663129924426,0.005706731747975423,0.9860875422691888,1.027578815549664,11.629217393524033,39.72902221230968
0.0,0.0,0,30,46,23.0,0.0,0.0,True,0.7022443576122436,0.0,0.987067365699029,1.028860708832953,11.438994136189025,39.078805609408114
0.0,0.0,0,31,47,23.5,0.0,0.0,True,0.6923832535534699,0.0,0.987478170059968,1.0295064629597517,11.2743774183025,38.516125771983255
0.0,0.0,0,32,48,0.0,0.0,0.0,True,0.6825241628368232,0.0,0.9878888174718008,1.030151988892358,11.109761732063692,37.95344947524511
0.0,0.0,0,33,49,0.5,0.0,0.0,True,0.6813114650076529,0.0,0.9879336911617629,1.0302299433253703,11.085983358141835,37.87217242211104
0.0,0.0,0,34,50,1.0,0.0,0.0,True,0.6800989369496112,0.0,0.9879786807076633,1.0303080175873598,11.062206133103409,37.790899293774544
0.0,0.0,0,35,51,1.5,0.0,0.0,True,0.6912681779466581,0.0,0.9875106997379223,1.0295760487871308,11.24694197216379,38.422348848173726
0.0,0.0,0,36,52,2.0,0.0,0.0,True,0.7024399919883308,0.0,0.987042517620863,1.0288437905020411,11.43167779665136,39.0537983711261
0.0,0.0,0,37,53,2.5,0.0,0.0,True,0.7182947094122472,0.0,0.9863915734293575,1.0278077923897069,11.702379791535169,39.97909001877344
0.0,0.0,0,38,54,3.0,0.0,0.0,True,0.7341541336363075,0.0,0.985740272743488,1.026771253135914,11.973081843504051,40.90438189631177
0.0,0.0,0,39,55,3.5,0.0,0.0,True,0.765066621548948,0.0,0.9844143323545185,1.024736394465667,12.465101621983846,42.58616715754967
0.0,0.0,0,40,56,4.0,0.0,0.0,True,0.800623379959396,0.0,0.9828173523560043,1.02875053095279,12.957120736472335,44.267831546623675
0.0,0.0,0,41,57,4.5,0.0,0.0,True,0.8488138872261202,0.0,0.9870481621280827,1.0323889929456647,13.628389384839307,46.56218622898053
0.0,0.0,0,42,58,5.0,0.0,0.0,True,0.8917108260845126,0.0,0.9851965225830505,1.029553416437808,14.299657900493266,48.85666756219796
0.0,0.0,0,43,59,5.5,0.0,0.0,True,0.916473625159864,0.0,0.9841160057208465,1.0279127663335759,14.68010337104419,50.15707936190626
0.0,0.0,0,44,60,6.0,0.0,0.0,True,0.9412499891986639,0.0,0.9830344605160715,1.026270683347529,15.060549921155983,51.45749490507227
0.0,0.0,0,45,61,6.5,0.0,0.0,True,0.916644395869043,0.0,0.9840925873023901,1.0278972509295934,14.672786889035072,50.13207160389601
0.0,0.0,0,46,62,7.0,0.0,0.0,True,0.8920512209922113,0.0,0.9851497957533649,1.0295224927062256,14.285024532643808,48.80665066469843
0.0,0.0,0,47,63,7.5,-212.5497579574585,0.0,True,0.8428508194764961,0.0,0.9872820893554297,1.03277686652155,13.520474452649239,46.19332058055586
0.0,0.0,1,0,64,8.0,0.0,0.0,True,0.7884525022705418,0.0,0.9833273799474438,1.0295521280865816,12.755923945932643,43.58011627026586
0.0,0.0,1,1,65,8.5,0.0,0.0,True,0.8134103147684808,0.06920000165700912,0.9817843417630783,1.0224297955017787,12.091972101954497,41.310839206981534
0.0,0.0,1,2,66,9.0,0.0,0.0,True,0.8550055859007989,0.1488809405433867,0.9779109275216312,1.01917017460536,11.428019317040906,39.04148325786734
0.0,0.0,1,3,67,9.5,0.0,0.0,True,0.8359932378017901,0.1652000070704667,0.9792199868685582,1.0213153132136494,10.83723132985578,37.02210192264586
0.0,0.0,1,4,68,10.0,0.0,0.0,True,0.9081847133862391,0.2695517132699905,0.9766357578372551,1.0193297590757473,10.367762210716942,35.00279652437369
0.0,0.0,1,5,69,10.5,0.0,0.0,True,0.7137649044800851,0.10321170245427069,0.9860875372990102,1.0233836297171615,9.939158802443702,33.95241032529469
0.0,0.0,1,6,70,11.0,0.0,0.0,True,0.7214533775487878,0.1302191809933248,0.9894274698173214,1.0272945739397497,9.631875137322329,32.90202477622362
0.0,0.0,1,7,71,11.5,0.0,0.0,True,0.5838611917187218,0.0023571526354858466,0.9921994249966216,1.0303370215214065,9.531276043746537,32.558113084420164
0.0,0.0,1,8,72,12.0,0.0,0.0,True,0.5732945803005206,6.308967237522722e-11,0.9926276002506167,1.0309158922742927,9.430676481432844,32.21424809607238
0.0,0.0,1,9,73,12.5,0.0,0.0,True,0.6537562319357524,0.07290592789649963,0.9914792606885703,1.029503026656172,9.591635388395853,32.76444027932424
0.0,0.0,1,10,74,13.0,0.0,0.0,True,0.587242466069428,2.4389893970679742e-09,0.9921861515843662,1.0300401398628327,9.752592813042932,33.314589181391405
0.0,0.0,1,11,75,13.5,0.0,0.0,True,0.6063895524530183,0.0,0.9914264714421133,1.0288013861257315,10.0964580938025,34.48995990251769
0.0,0.0,1,12,76,14.0,0.0,0.0,True,0.6875940671644517,0.05623980984091759,0.9862250979173594,1.029238678117431,10.44032337947987,35.665297834234075
0.0,0.0,1,13,77,14.5,0.0,0.0,True,0.6553178060304614,6.378174292575465e-10,0.9893715951329098,1.0320187492963846,10.877470783745439,37.159432232171554
0.0,0.0,1,14,78,15.0,0.0,0.0,True,0.6813863165840942,0.0,0.9882893687578377,1.030313390729106,11.314617306652691,38.65365165105756
0.0,0.0,1,15,79,15.5,0.0,0.0,True,0.727316730496719,0.0,0.9863066502967321,1.0272885425135916,12.0370997914559,41.123187920813756
0.0,0.0,1,16,80,16.0,0.0,0.0,True,0.8760483815716118,0.09372771430887902,0.9771789500723873,1.0229847299074744,12.759582016499996,43.59274855314864
0.0,0.0,1,17,81,16.5,0.0,0.0,True,0.8531524335933673,0.03599999938160181,0.9865190713543696,1.0322993014339483,13.25708793827795,45.29306313750413
0.0,0.0,1,18,82,17.0,0.0,0.0,True,0.9387920808054975,0.08639999851584435,0.9814894751629785,1.0262956011024953,13.754595964155559,46.99368548653658
0.0,0.0,1,19,83,17.5,0.0,0.0,True,0.9480752330251858,0.09359999839216471,0.9809189274013808,1.025606646191435,13.816782918699946,47.20625678441274
0.0,0.0,1,20,84,18.0,0.0,0.0,True,0.9879468577091638,0.12959999777376652,0.9786548887173399,1.023111833223674,13.878971883408978,47.41887038593997
0.0,0.0,1,21,85,18.5,0.0,0.0,True,0.9804631062037665,0.12524376548134686,0.9791083983569906,1.0236544297483194,13.833245232252883,47.26256400873693
0.0,0.0,1,22,86,19.0,0.0,0.0,True,0.964733722281365,0.11312366822930627,0.979906563111007,1.0245640552141149,13.787517858014162,47.10624795931437
0.0,0.0,1,23,87,19.5,0.0,0.0,True,0.9421581687635,0.10317423497326672,0.9811084580969581,1.0260403532059952,13.635705469721465,46.5873174912392
0.0,0.0,1,24,88,20.0,0.0,0.0,True,0.902985318580759,0.0774602204014935,0.9834638978233504,1.0287476259891264,13.483893038925626,46.06836273258342
0.0,0.0,1,25,89,20.5,0.0,0.0,True,0.8354618204084165,0.036581608138807876,0.9871168144885111,1.0331595445952397,13.081497806530775,44.692871394671094
0.0,0.0,1,26,90,21.0,0.0,0.0,True,0.7846981863574206,0.01646833514675745,0.9833816798880729,1.0297055954408243,12.679103063226115,43.31753607900806
0.0,0.0,1,27,91,21.5,0.0,0.0,True,0.7557316540379505,0.012304973363338058,0.9848316034719773,1.025304950403754,12.364503567580694,42.242307403596755
0.0,0.0,1,28,92,22.0,0.0,0.0,True,0.7303331984385103,0.007199999923817991,0.9860872208441407,1.0270385730187985,12.049903531694255,41.166956573305605
0.0,0.0,1,29,93,22.5,0.0,0.0,True,0.7074248065760655,0.0019555393899321227,0.9873498078371434,1.028636249098178,11.846876859544391,40.47297111403782
0.0,0.0,1,30,94,23.0,0.0,0.0,True,0.6879521621942931,0.0,0.9883624886968645,1.029968730529874,11.643850182279774,39.77899085308418
0.0,0.0,1,31,95,23.5,0.0,0.0,True,0.6751581199660239,0.0,0.9890819161613356,1.0308520627954296,11.54873844648927,39.45387743021403
0.0,0.0,1,32,96,0.0,0.0,0.0,True,0.662374969007881,0.0,0.9898003895542056,1.0317343588015135,11.453626814956355,39.128764387517734
0.0,0.0,1,33,97,0.5,0.0,0.0,True,0.6586339170423259,0.0,0.9900516408075356,1.0320026067939083,11.451797614180244,39.12250683772935
0.0,0.0,1,34,98,1.0,0.0,0.0,True,0.6548945590650382,0.0,0.9903027457952674,1.0322707001415474,11.449968180798892,39.11624849592717
0.0,0.0,1,35,99,1.5,0.0,0.0,True,0.6611402079460714,0.0,0.9900457166528691,1.0318626968671463,11.556054106199083,39.478862854894516
0.0,0.0,1,36,100,2.0,0.0,0.0,True,0.6673867408398533,0.0,0.9897887490421814,1.0314547329309924,11.662140521397387,39.84147889111933
0.0,0.0,1,37,101,2.5,0.0,0.0,True,0.6707835773864467,0.0,0.9899647002818722,1.0313102178114386,11.920039903342246,40.72299317437878
0.0,0.0,1,38,102,3.0,0.0,0.0,True,0.6741862210805025,0.0,0.9901403278455554,1.0311652390531143,12.177938736529857,41.60450561049822
0.0,0.0,1,39,103,3.5,0.0,0.0,True,0.7002839295314468,0.0,0.9891723870905066,1.0359007123156454,12.658982556661568,43.24864176729078
0.0,0.0,1,40,104,4.0,0.0,0.0,True,0.7274582504098707,0.0,0.9945344152617152,1.0409887108724647,13.140027953606978,44.89277644154065
0.0,0.0,1,41,105,4.5,0.0,0.0,True,0.7560525092768572,0.0,0.9934743365655885,1.039147633094252,13.694235931272253,46.78712005263731
0.0,0.0,1,42,106,5.0,0.0,0.0,True,0.7846553799758934,0.0,0.9924137663725051,1.0373053687271436,14.248443517579798,48.68146241450823
0.0,0.0,1,43,107,5.5,0.0,0.0,True,0.8013467960229446,0.0,0.9917807343231114,1.0362262934483601,14.563042937400622,49.75679844272543
0.0,0.0,1,44,108,6.0,0.0,0.0,True,0.8180415513803859,0.0,0.9911476181513386,1.0351469109680356,14.87764336201057,50.83213792895144
0.0,0.0,1,45,109,6.5,0.0,0.0,True,0.8071374341002234,0.0,0.9915856100489207,1.035858349664845,14.687419816206337,50.1819313889684
0.0,0.0,1,46,110,7.0,0.0,0.0,True,0.7962350960510665,0.0,0.992023466120123,1.036569562660944,14.497196587035699,49.531725941996264
0.0,0.0,1,47,111,7.5,-220.52516900002956,0.0,True,0.7578637221372503,0.0,0.9935819086060574,1.0390763970185013,13.838731939744997,47.28101523774685
0.2,0.2222222222222222,0,0,16,8.0,0.0,0.0,True,0.7648049050134207,0.0,0.9844640013999753,1.0247631275862863,12.485221957224562,42.654938829530394
0.2,0.2222222222222222,0,1,17,8.5,0.0,0.0,True,0.7498105435982791,0.0,0.9850767666087726,1.0257427600592706,12.227323260384185,41.77341046036648
0.2,0.2222222222222222,0,2,18,9.0,0.0,0.0,True,0.8531450042224105,0.11583377059741906,0.9817945446552242,1.0225935505047172,11.969424265552519,40.89196207939942
0.2,0.2222222222222222,0,3,19,9.5,0.0,0.0,True,0.850418756160949,0.12737756795355548,0.9794285068436621,1.0204102172789966,11.718840822944387,40.035499646946576
0.2,0.2222222222222222,0,4,20,10.0,0.0,0.0,True,0.8624287641470381,0.1551214204930449,0.9795326331921232,1.0208453152008135,11.468259518767052,39.1789931821186
0.2,0.2222222222222222,0,5,21,10.5,0.0,0.0,True,0.8746799661817258,0.17613050658885446,0.9782505126212103,1.0196836944172876,11.312787972068332,38.64760738291886
0.2,0.2222222222222222,0,6,22,11.0,0.0,0.0,True,0.8665566650128103,0.1789077448176546,0.9797309924700607,1.0214461235162917,11.157318193311664,38.11617028568893
0.2,0.2222222222222222,0,7,23,11.5,0.0,0.0,True,0.7339539493009136,0.05956750701059949,0.9845137520124201,1.0267061275854956,11.005504557995579,37.597161464398674
0.2,0.2222222222222222,0,8,24,12.0,0.0,0.0,True,0.7020144312139693,0.03840129121545034,0.9859753737642533,1.0284480759407035,10.853692539515215,37.07822717709105
0.2,0.2222222222222222,0,9,25,12.5,0.0,0.0,True,0.6627128155373992,0.0037308911078867985,0.9887564344544157,1.0314443639911584,10.817111233263388,36.95313191300063
0.2,0.2222222222222222,0,10,26,13.0,0.0,0.0,True,0.6556341451337216,5.573101225309074e-05,0.9891991216040233,1.0319603681266087,10.780529437347296,36.82808361629053
0.2,0.2222222222222222,0,11,27,13.5,0.0,0.0,True,0.658119157381277,0.0001965883420780301,0.9890606521708097,1.0317927533682871,10.796990897953432,36.88435289517831
0.2,0.2222222222222222,0,12,28,14.0,0.0,0.0,True,0.6605487962657685,0.00028259813552722335,0.9889243120506799,1.0316273888911076,10.813453097792754,36.94062465679737
0.2,0.2222222222222222,0,13,29,14.5,0.0,0.0,True,0.7906664870160898,0.1058444231748581,0.9864052739976249,1.0285102824816221,11.166462723409005,38.14728814700262
0.2,0.2222222222222222,0,14,30,15.0,0.0,0.0,True,0.7167867488980418,0.00941881699254964,0.9865159395840439,1.0281741740198183,11.519473549552218,39.35390124786525
0.2,0.2222222222222222,0,15,31,15.5,0.0,0.0,True,0.7712732029182005,0.019193461164832115,0.9842104054412317,1.024845083720006,12.212691194930954,41.72341502268624
0.2,0.2222222222222222,0,16,32,16.0,0.0,0.0,True,0.8399818700456114,0.03755946899248739,0.9804771122493742,1.0263207214442467,12.905908038997469,44.09283194256147
0.2,0.2222222222222222,0,17,33,16.5,0.0,0.0,True,0.8769602406829605,0.0501405459743296,0.984996863012563,1.0307547689860863,13.196729583096653,45.086785900246404
0.2,0.2222222222222222,0,18,34,17.0,0.0,0.0,True,1.0369622855149765,0.18335499344734008,0.9738651534961407,1.0222135782241821,13.487551088953499,46.081067119419515
0.2,0.2222222222222222,0,19,35,17.5,0.0,0.0,True,0.9093778720416112,0.06491893172698737,0.9831886161221266,1.028443132726772,13.494867261181852,46.105879086309976
0.2,0.2222222222222222,0,20,36,18.0,0.0,0.0,True,0.9382379464468719,0.0937162873829891,0.9810853414833125,1.026188550189581,13.502183284757601,46.1309298139689
0.2,0.2222222222222222,0,21,37,18.5,0.0,0.0,True,0.9360933898551449,0.09675008235115001,0.9810996840945575,1.0262973577266101,13.42902043530857,45.880853805716306
0.2,0.2222222222222222,0,22,38,19.0,0.0,0.0,True,0.9215382597209527,0.08804460966255083,0.9817981843453226,1.027135662673737,13.355858684187535,45.630767240644374
0.2,0.2222222222222222,0,23,39,19.5,0.0,0.0,True,0.9104095057666928,0.08110841303562445,0.982372920234298,1.0278709045343803,13.260746979066685,45.30565678091058
0.2,0.2222222222222222,0,24,40,20.0,0.0,0.0,True,0.89140945296733,0.0667065429551985,0.983488565182322,1.029183337712128,13.165634815378416,44.98053343243485
0.2,0.2222222222222222,0,25,41,20.5,0.0,0.0,True,0.8582077200078713,0.06385253810771127,0.9787803617366205,1.0246894492032892,12.76506848490008,43.61146810296758
0.2,0.2222222222222222,0,26,42,21.0,0.0,0.0,True,0.8139325185785791,0.0494949746835497,0.9812210908994569,1.0214798169399593,12.364502621013479,42.24237920341849
0.2,0.2222222222222222,0,27,43,21.5,0.0,0.0,True,0.7822211999582881,0.035970826627200136,0.9830179335942711,1.0237339079351158,12.091971815758582,41.31081264790302
0.2,0.2222222222222222,0,28,44,22.0,0.0,0.0,True,0.7533794154901343,0.025129652775319755,0.9843558305862403,1.0255001730307154,11.819440814917332,40.37925501673939
0.2,0.2222222222222222,0,29,45,22.5,0.0,0.0,True,0.735626428022897,0.020097344086477675,0.9852673165884144,1.02670961848211,11.629217395660971,39.729039267885284
0.2,0.2222222222222222,0,30,46,23.0,0.0,0.0,True,0.7122685835001072,0.009653307731185513,0.9864302932826511,1.028185241776047,11.438994176110178,39.07881899385328
0.2,0.2222222222222222,0,31,47,23.5,0.0,0.0,True,0.6998617607125633,0.007201337575111211,0.9869352382394989,1.028930572504407,11.274377436851232,38.516137130008644
0.2,0.2222222222222222,0,32,48,0.0,0.0,0.0,True,0.6847563170017478,0.002151386979179808,0.9877268166876596,1.0299801557201045,11.109761797309194,37.95345306821509
0.2,0.2222222222222222,0,33,49,0.5,0.0,0.0,True,0.6813129906245554,1.48122308019083e-06,0.9879335806637198,1.0302298264807874,11.085983080469262,37.87217147530323
0.2,0.2222222222222222,0,34,50,1.0,0.0,0.0,True,0.6800998766268436,9.059428975888295e-07,0.9879786124682762,1.0303079452047081,11.06220613301407,37.79089929488661
0.2,0.2222222222222222,0,35,51,1.5,0.0,0.0,True,0.6912692129440496,9.973525720852194e-07,0.9875106245562473,1.0295759690395752,11.246941972140888,38.42234884965822
0.2,0.2222222222222222,0,36,52,2.0,0.0,0.0,True,0.7024404578278265,4.486799127789709e-07,0.9870424837741822,1.0288437545993512,11.431677796678867,39.05379837192412
0.2,0.2222222222222222,0,37,53,2.5,0.0,0.0,True,0.7182952552920406,5.252837809166522e-07,0.9863915337527788,1.0278077503021377,11.702379791576549,39.979090019738976
0.2,0.2222222222222222,0,38,54,3.0,0.0,0.0,True,0.7341543842365011,2.409696548966167e-07,0.9857402545237817,1.026771233808748,11.973081843511716,40.90438189671756
0.2,0.2222222222222222,0,39,55,3.5,0.0,0.0,True,0.7650667603630619,1.3325214354154014e-07,0.9844143222566065,1.0247363837536196,12.465101622020551,42.586167157885185
0.2,0.2222222222222222,0,40,56,4.0,0.0,0.0,True,0.800623686454033,2.937555336757214e-07,0.9828173300336455,1.028750507127672,12.95712073636494,44.26783154672324
0.2,0.2222222222222222,0,41,57,4.5,0.0,0.0,True,0.8488143313943424,4.248618949986849e-07,0.9870481297360021,1.0323889583719086,13.628389384793458,46.56218622950297
0.2,0.2222222222222222,0,42,58,5.0,0.0,0.0,True,0.8917135367932075,2.5862932488962542e-06,0.9851963247112001,1.0295532052281344,14.299657900620879,48.85666756677685
0.2,0.2222222222222222,0,43,59,5.5,0.0,0.0,True,0.9164958384677652,2.1165633370401338e-05,0.9841143832745919,1.027911034476405,14.68010337137443,50.15707939701789
0.2,0.2222222222222222,0,44,60,6.0,0.0,0.0,True,0.9427992461880943,0.0014740113401785493,0.9829212338969775,1.0261498177373858,15.060549945882181,51.45749736135098
0.2,0.2222222222222222,0,45,61,6.5,-2303.713724964568,2303.713724964568,True,0.9172726019050189,0.0005985121824778616,0.9840467026182926,1.027848272030688,14.67278687706037,50.13207252404086
0.2,0.2222222222222222,0,46,62,7.0,0.0,0.0,True,0.8920512207607683,0.0,0.9851497957769323,1.0295224927397,14.285024526304326,48.80665064302569
0.2,0.2222222222222222,0,47,63,7.5,-196.31009176373482,0.0,True,0.8428508194271033,0.0,0.9872820893579797,1.032776866524311,13.520474452617234,46.193320580448535
0.2,0.2222222222222222,1,0,64,8.0,0.0,0.0,True,0.7884525023206862,0.0,0.9833273799460843,1.0295521280850894,12.755923945978518,43.58011627042204
0.2,0.2222222222222222,1,1,65,8.5,0.0,0.0,True,0.8079983620813264,0.06395028904080391,0.9820114986337536,1.0226700618066606,12.091972093854798,41.3108344663425
0.2,0.2222222222222222,1,2,66,9.0,0.0,0.0,True,0.8292474932372096,0.12401445234001446,0.9789961951984322,1.0203180495351416,11.428019508608415,39.041461398925534
0.2,0.2222222222222222,1,3,67,9.5,0.0,0.0,True,0.8080565374092322,0.13812335771581274,0.9802491244958043,1.022403779552144,10.837231319404806,37.02208054092102
0.2,0.2222222222222222,1,4,68,10.0,0.0,0.0,True,0.8872426109213168,0.24935214715667087,0.9774093206758441,1.0201478991570179,10.246441794654892,35.00278039240875
0.2,0.2222222222222222,1,5,69,10.5,0.0,0.0,True,0.6976602645133483,0.08751711954212382,0.9866786513713909,1.0240049671218014,9.939158786374751,33.952398087744925
0.2,0.2222222222222222,1,6,70,11.0,0.0,0.0,True,0.7340926417563347,0.14256887087770706,0.9889650342386712,1.0268085065573842,9.63187507260578,32.902034084585964
0.2,0.2222222222222222,1,7,71,11.5,0.0,0.0,True,0.5930302175864957,0.011363078281564899,0.9918604254603052,1.0299807005210013,9.531276051160726,32.5581200953566
0.2,0.2222222222222222,1,8,72,12.0,0.0,0.0,True,0.5854056586889628,0.011879492660448548,0.9921212038088031,1.030383623980444,9.430676589022307,32.21425889852671
0.2,0.2222222222222222,1,9,73,12.5,0.0,0.0,True,0.6703777342005188,0.08917519597753198,0.9907846073124164,1.0287728768714879,9.59163537686816,32.764454554610204
0.2,0.2222222222222222,1,10,74,13.0,0.0,0.0,True,0.5885506253017737,0.0012836708131455951,0.992131720485706,1.029982926319547,9.752593253720187,33.31459180936797
0.2,0.2222222222222222,1,11,75,13.5,0.0,0.0,True,0.6064129564403626,2.2992897356743924e-05,0.9914256160584719,1.0288004870020213,10.096458098293184,34.48995993549839
0.2,0.2222222222222222,1,12,76,14.0,0.0,0.0,True,0.6880911185357402,0.05672583993626875,0.9862068654037003,1.0292193954398425,10.440323150442646,35.66529742949241
0.2,0.2222222222222222,1,13,77,14.5,0.0,0.0,True,0.6609211815291312,0.005497050937265158,0.9891667421254305,1.0318020914558774,10.8774707574589,37.15943639116004
0.2,0.2222222222222222,1,14,78,15.0,0.0,0.0,True,0.7005983959345818,0.018823884427547455,0.987586784343423,1.029570300146289,11.314617211021163,38.653665898105295
0.2,0.2222222222222222,1,15,79,15.5,0.0,0.0,True,0.7451697440258299,0.01746899689698608,0.9856535454414761,1.026597753984604,12.037099790370002,41.12320146705528
0.2,0.2222222222222222,1,16,80,16.0,0.0,0.0,True,0.87604838018346,0.09372771430887902,0.9771789502142115,1.0229847301065451,12.759581980138504,43.59274842885966
0.2,0.2222222222222222,1,17,81,16.5,0.0,0.0,True,0.8531385220864106,0.03598672291263938,0.9865200858109792,1.0323003841937666,13.2570879380952,45.29306311563762
0.2,0.2222222222222222,1,18,82,17.0,0.0,0.0,True,0.9387553688823866,0.08636530162766576,0.9814921586301908,1.0262984653544185,13.754595964086752,46.99368543010051
0.2,0.2222222222222222,1,19,83,17.5,0.0,0.0,True,0.9480539758335013,0.09357993397861719,0.9809204815512561,1.025608305048883,13.816782917864826,47.206256749011324
0.2,0.2222222222222222,1,20,84,18.0,0.0,0.0,True,0.9802555045467882,0.12236807761713919,0.979217305952072,1.0237121334453236,13.878971816388006,47.41885837864452
0.2,0.2222222222222222,1,21,85,18.5,0.0,0.0,True,0.9725844800342198,0.11782925808319421,0.9796843707533944,1.0242691956088936,13.83324524160632,47.26255197875278
0.2,0.2222222222222222,1,22,86,19.0,0.0,0.0,True,0.9570185999689879,0.10585154203981505,0.9804704393646256,1.0251659076798791,13.78751786000203,47.106236157605906
0.2,0.2222222222222222,1,23,87,19.5,0.0,0.0,True,0.9356412461165006,0.09701870624573168,0.9815845185522813,1.026548469663626,13.635705479020299,46.58730755386594
0.2,0.2222222222222222,1,24,88,20.0,0.0,0.0,True,0.9018050033758855,0.07634045752690133,0.983550026281817,1.0288395524131426,13.483893073509714,46.068361047253866
0.2,0.2222222222222222,1,25,89,20.5,0.0,0.0,True,0.8351431000659008,0.03627724260819779,0.9871400363120917,1.0331843289236227,13.081497810735543,44.69287092281987
0.2,0.2222222222222222,1,26,90,21.0,0.0,0.0,True,0.7846928005059773,0.01646317236006507,0.9833820717645407,1.0297060136809253,12.67910306432112,43.31753607454491
0.2,0.2222222222222222,1,27,91,21.5,0.0,0.0,True,0.7579128870739292,0.01439934460764939,0.9846730275716788,1.0251367352612375,12.364503574154108,42.24231072582375
0.2,0.2222222222222222,1,28,92,22.0,0.0,0.0,True,0.7378201974852927,0.014399916399270296,0.9855432151320802,1.0264615118820466,12.049903418495347,41.166967505584026
0.2,0.2222222222222222,1,29,93,22.5,0.0,0.0,True,0.7148954040303473,0.009155517380171981,0.9868073384604915,1.0280608256032053,11.84687686187056,40.47298240863917
0.2,0.2222222222222222,1,30,94,23.0,0.0,0.0,True,0.6954104152234979,0.007199978455901146,0.9878211842327028,1.0293945503001276,11.643850183920556,39.77900212052597
0.2,0.2222222222222222,1,31,95,23.5,0.0,0.0,True,0.6812378202833272,0.0058771672684849036,0.9886408205069361,1.0303841800289235,11.548738469263247,39.45388668482806
0.2,0.2222222222222222,1,32,96,0.0,0.0,0.0,True,0.6623749724750619,0.0,0.9898003892083023,1.0317343583159309,11.453626905742977,39.12876469784086
0.2,0.2222222222222222,1,33,97,0.5,0.0,0.0,True,0.6586339170539091,0.0,0.9900516408081135,1.0320026067945043,11.451797614197513,39.12250683778984
0.2,0.2222222222222222,1,34,98,1.0,0.0,0.0,True,0.6548945590967759,0.0,0.9903027457929372,1.0322707001391103,11.449968180807522,39.116248495958175
0.2,0.2222222222222222,1,35,99,1.5,0.0,0.0,True,0.6611402078919693,0.0,0.9900457166554448,1.0318626968698827,11.556054106199628,39.478862854895745
0.2,0.2222222222222222,1,36,100,2.0,0.0,0.0,True,0.6673867408630274,0.0,0.9897887490394378,1.0314547329281112,11.662140521368093,39.84147889101898
0.2,0.2222222222222222,1,37,101,2.5,0.0,0.0,True,0.67078357739317,0.0,0.9899647002841954,1.0313102178140257,11.92003990328221,40.722993174172075
0.2,0.2222222222222222,1,38,102,3.0,0.0,0.0,True,0.6741862210291292,0.0,0.9901403278483057,1.0311652390560775,12.177938736489386,41.60450561035865
0.2,0.2222222222222222,1,39,103,3.5,0.0,0.0,True,0.7002839295316788,0.0,0.9891723870895716,1.0359007123145834,12.658982556699655,43.24864176742077
0.2,0.2222222222222222,1,40,104,4.0,0.0,0.0,True,0.7274582504572586,0.0,0.9945344152599532,1.0409887108706497,13.14002795360235,44.89277644152337
0.2,0.2222222222222222,1,41,105,4.5,0.0,0.0,True,0.7560525093202187,0.0,0.9934743365643606,1.0391476330929532,13.694235931274934,46.78712005264865
0.2,0.2222222222222222,1,42,106,5.0,0.0,0.0,True,0.7846553799740317,0.0,0.9924137663722249,1.037305368726796,14.24844351761236,48.68146241462102
0.2,0.2222222222222222,1,43,107,5.5,0.0,0.0,True,0.8013467960490213,0.0,0.9917807343233332,1.036226293448602,14.563042937451915,49.75679844290248
0.2,0.2222222222222222,1,44,108,6.0,0.0,0.0,True,0.8180415513923825,0.0,0.9911476181513202,1.0351469109680895,14.87764336197523,50.832137928831045
0.2,0.2222222222222222,1,45,109,6.5,0.0,0.0,True,0.807137434119552,0.0,0.9915856100492073,1.0358583496653264,14.68741981609038,50.18193138857278
0.2,0.2222222222222222,1,46,110,7.0,0.0,0.0,True,0.7962350961097328,0.0,0.9920234661146774,1.0365695626549403,14.49719658714311,49.531725942363664
0.2,0.2222222222222222,1,47,111,7.5,-210.40909104049206,0.0,True,0.7578637221210877,0.0,0.9935819086069542,1.0390763970194856,13.838731939710838,47.28101523762954
0.4,0.3888888888888889,0,0,16,8.0,0.0,0.0,True,0.7648049050134207,0.0,0.9844640013999753,1.0247631275862863,12.485221957224562,42.654938829530394
0.4,0.3888888888888889,0,1,17,8.5,0.0,0.0,True,0.7498105435982791,0.0,0.9850767666087726,1.0257427600592706,12.227323260384185,41.77341046036648
0.4,0.3888888888888889,0,2,18,9.0,0.0,0.0,True,0.8173947183736057,0.08164888779469948,0.9843943483132589,1.0253513860580838,11.969424084995323,40.89190736705221
0.4,0.3888888888888889,0,3,19,9.5,0.0,0.0,True,0.8501491640541045,0.1271147628498917,0.9794361938979734,1.0204183441578971,11.718841464688838,40.03550168105271
0.4,0.3888888888888889,0,4,20,10.0,0.0,0.0,True,0.864560222602386,0.1571834614271512,0.9794529131034464,1.0207609782340432,11.468259499525207,39.178994770492864
0.4,0.3888888888888889,0,5,21,10.5,0.0,0.0,True,0.8730885185788276,0.1746218190758805,0.9783599906602558,1.0197997999306496,11.312788011315197,38.647605239890844
0.4,0.3888888888888889,0,6,22,11.0,0.0,0.0,True,0.856162490765624,0.16904683980167517,0.9804870087965103,1.0222480397783722,11.157318311867073,38.116154963476134
0.4,0.3888888888888889,0,7,23,11.5,0.0,0.0,True,0.742861654584761,0.06808673088235767,0.9838662473496019,1.0260193177124883,11.005505223392381,37.59717720815979
0.4,0.3888888888888889,0,8,24,12.0,0.0,0.0,True,0.7044175214058827,0.040706902042701276,0.9858007757711612,1.0282628814381822,10.853692610378038,37.07823105112709
0.4,0.3888888888888889,0,9,25,12.5,0.0,0.0,True,0.6630173080528747,0.004024806278900564,0.9887343687981999,1.0314209594044927,10.81711125505231,36.953132446452855
0.4,0.3888888888888889,0,10,26,13.0,0.0,0.0,True,0.6558724464646413,0.00028948549879714847,0.9891903866295907,1.0319511297063242,10.780529439272117,36.82808380403783
0.4,0.3888888888888889,0,11,27,13.5,0.0,0.0,True,0.6589109759881064,0.000973090308434621,0.9890314239988092,1.0317618393036796,10.796990927463144,36.8843536022831
0.4,0.3888888888888889,0,12,28,14.0,0.0,0.0,True,0.660570174130931,0.00030352994804161426,0.9889234473132641,1.0316264738647447,10.813453056721595,36.940624534357944
0.4,0.3888888888888889,0,13,29,14.5,0.0,0.0,True,0.7860167597062461,0.1013002576537474,0.9865749713955122,1.0286897601451155,11.166462753760964,38.147284730818065
0.4,0.3888888888888889,0,14,30,15.0,0.0,0.0,True,0.712385867205095,0.005111417023001652,0.986676368298278,1.0283438503048918,11.519473547748262,39.3538979137723
0.4,0.3888888888888889,0,15,31,15.5,0.0,0.0,True,0.7703982779615356,0.018338767067689332,0.9842416384758453,1.0248781142447623,12.212691199511909,41.7234143904223
0.4,0.3888888888888889,0,16,32,16.0,0.0,0.0,True,0.8532555610629843,0.05035704496284053,0.9797769850678753,1.0255743030560445,12.905907140996314,44.092843516299205
0.4,0.3888888888888889,0,17,33,16.5,0.0,0.0,True,0.9008080397061469,0.07277017548397319,0.9830115608269118,1.0286350144740661,13.196729673300887,45.08682779509016
0.4,0.3888888888888889,0,18,34,17.0,0.0,0.0,True,1.0323581154752828,0.17899692809035972,0.9739300672527461,1.0222135782241821,13.48755111456883,46.08106586478557
0.4,0.3888888888888889,0,19,35,17.5,0.0,0.0,True,0.9022786910226648,0.05817961812199712,0.9834366618528835,1.028707008451513,13.494867263078902,46.105873915712415
0.4,0.3888888888888889,0,20,36,18.0,0.0,0.0,True,0.9306132541205488,0.08649374741158544,0.9813716994101016,1.026493317062368,13.50218328081362,46.13092382111934
0.4,0.3888888888888889,0,21,37,18.5,0.0,0.0,True,0.9263875110515661,0.08756390481082121,0.9815560695692351,1.026783653747171,13.42902126933736,45.88084711568153
0.4,0.3888888888888889,0,22,38,19.0,0.0,0.0,True,0.9191161560564955,0.08575105691042954,0.9819329153863816,1.0272793278824492,13.35585846732769,45.6307636808276
0.4,0.3888888888888889,0,23,39,19.5,0.0,0.0,True,0.9113638754195681,0.08200516194503926,0.9822568007032388,1.0277468206738187,13.260746819510599,45.30565866991579
0.4,0.3888888888888889,0,24,40,20.0,0.0,0.0,True,0.8921060927850202,0.06736911366409752,0.9834580850323714,1.0291508716277729,13.165634809021597,44.980534047643445
0.4,0.3888888888888889,0,25,41,20.5,0.0,0.0,True,0.8549225455601575,0.06073186061362968,0.979010107005861,1.0249346229514038,12.765068469744675,43.61146324146616
0.4,0.3888888888888889,0,26,42,21.0,0.0,0.0,True,0.8104660419735932,0.04619010523217566,0.9814706431684361,1.0217445300218566,12.364502619887503,42.242374006843605
0.4,0.3888888888888889,0,27,43,21.5,0.0,0.0,True,0.7822428897840757,0.03599154207547245,0.983017129832853,1.0237330568992897,12.091972492806738,41.31081497877865
0.4,0.3888888888888889,0,28,44,22.0,0.0,0.0,True,0.7603253406163639,0.03178876997299085,0.9840989638491361,1.0252284871858246,11.81944074740678,40.3792601149761
0.4,0.3888888888888889,0,29,45,22.5,0.0,0.0,True,0.7431349984086012,0.027303927225354133,0.9849898101617257,1.026416105953754,11.629217391434807,39.729045010346695
0.4,0.3888888888888889,0,30,46,23.0,0.0,0.0,True,0.7195582934849043,0.016671317589501414,0.9861612151203737,1.027900647190942,11.438994178534674,39.07882458392536
0.4,0.3888888888888889,0,31,47,23.5,0.0,0.0,True,0.7073300629756641,0.014401629631947799,0.9866597333252444,1.0286391835846318,11.274377435870472,38.51614284151532
0.4,0.3888888888888889,0,32,48,0.0,0.0,0.0,True,0.696314814151606,0.013295950205205454,0.9871543303454897,1.0293737628278317,11.109761747117409,37.953464789125306
0.4,0.3888888888888889,0,33,49,0.5,0.0,0.0,True,0.6830459857483387,0.0016759325132701807,0.9878696666227609,1.0301622273979554,11.085983618114161,37.87217463873344
0.4,0.3888888888888889,0,34,50,1.0,0.0,0.0,True,0.6801009388861278,1.9341946426720824e-06,0.9879785354411635,1.0303078636420986,11.062206024759059,37.79089892646827
0.4,0.3888888888888889,0,35,51,1.5,0.0,0.0,True,0.6912691118975525,8.999347755889175e-07,0.9875106318963456,1.029575976825378,11.24694197217261,38.42234884961428
0.4,0.3888888888888889,0,36,52,2.0,0.0,0.0,True,0.7024404523361075,4.4331548565423873e-07,0.9870424841743323,1.0288437550238185,11.431677796671055,39.053798371889556
0.4,0.3888888888888889,0,37,53,2.5,0.0,0.0,True,0.7182949862600125,2.662897031768807e-07,0.9863915533085428,1.0278077710461957,11.702379791609681,39.97909001944523
0.4,0.3888888888888889,0,38,54,3.0,0.0,0.0,True,0.7341542963099482,1.5642642381408223e-07,0.9857402609156942,1.0267712405892018,11.973081843503564,40.90438189655682
0.4,0.3888888888888889,0,39,55,3.5,0.0,0.0,True,0.7650667605654021,1.3346671323688497e-07,0.9844143222438172,1.0247363837402121,12.46510162192104,42.58616715754444
0.4,0.3888888888888889,0,40,56,4.0,0.0,0.0,True,0.8006235492009185,1.6222000454035879e-07,0.9828173400288944,1.0287505177957135,12.95712073645158,44.26783154680997
0.4,0.3888888888888889,0,41,57,4.5,0.0,0.0,True,0.8488141627176201,2.6350019766141486e-07,0.9870481420394348,1.0323889715042054,13.628389384693332,46.56218622890178
0.4,0.3888888888888889,0,42,58,5.0,0.0,0.0,True,0.8917127077865341,1.7953633459910634e-06,0.985196385224107,1.0295532698199263,14.29965790060977,48.856667565471795
0.4,0.3888888888888889,0,43,59,5.5,0.0,0.0,True,0.9164863288167404,1.2104486813768744e-05,0.9841150778558849,1.0279117758973495,14.680103371269373,50.15707938210865
0.4,0.3888888888888889,0,44,60,6.0,0.0,0.0,True,0.9424424444556485,0.001134571386501193,0.9829473111930082,1.0261776543782528,15.060549940251885,51.457496795861914
0.4,0.3888888888888889,0,45,61,6.5,-2266.1912968947195,2266.1912968947195,True,0.9176487977397237,0.0009568966925144196,0.9840192243884204,1.0278189407925793,14.672786886367037,50.1320731313978
0.4,0.3888888888888889,0,46,62,7.0,0.0,0.0,True,0.8920512206956057,0.0,0.9851497957873435,1.0295224927556408,14.28502452264358,48.80665063051712
0.4,0.3888888888888889,0,47,63,7.5,-192.63362921774387,0.0,True,0.8428508194812611,0.0,0.9872820893563605,1.0327768665225334,13.520474452660977,46.19332058059795
0.4,0.3888888888888889,1,0,64,8.0,0.0,0.0,True,0.788452502309543,0.0,0.9833273799456327,1.0295521280846127,12.755923945977226,43.58011627041718
0.4,0.3888888888888889,1,1,65,8.5,0.0,0.0,True,0.8090042260854072,0.06492620706558228,0.9819692822188859,1.0226254090461182,12.09197209536709,41.31083534739935
0.4,0.3888888888888889,1,2,66,9.0,0.0,0.0,True,0.8292768012037869,0.12404278093861737,0.978994960842418,1.0203167439596839,11.428019517479854,39.041461454856154
0.4,0.3888888888888889,1,3,67,9.5,0.0,0.0,True,0.8045400996887613,0.13471068576109246,0.9803783498822306,1.0225404546906867,10.837231338796162,37.02207792685704
0.4,0.3888888888888889,1,4,68,10.0,0.0,0.0,True,0.8784789733873357,0.24088915418262502,0.9777329619116418,1.0204901907114956,10.246441815707591,35.002773752489766
0.4,0.3888888888888889,1,5,69,10.5,0.0,0.0,True,0.6970591266801321,0.08693086466161987,0.9867006395203477,1.0240280790652108,9.939158762670578,33.95239755356669
0.4,0.3888888888888889,1,6,70,11.0,0.0,0.0,True,0.7339490144131947,0.14242861436004076,0.9889703308550771,1.0268140738493374,9.631875071587622,32.90203397195759
0.4,0.3888888888888889,1,7,71,11.5,0.0,0.0,True,0.6015263639853922,0.019704096032714485,0.9915522443153663,1.0296567725844634,9.531276033624794,32.55812638595707
0.4,0.3888888888888889,1,8,72,12.0,0.0,0.0,True,0.5796626961943713,0.006248081997562466,0.9923613575665169,1.030636047639936,9.430676231605542,32.21425272828793
0.4,0.3888888888888889,1,9,73,12.5,0.0,0.0,True,0.6768183463672616,0.09547233310868757,0.9905153448949091,1.0284898552590651,9.591635346135021,32.7644599982454
0.4,0.3888888888888889,1,10,74,13.0,0.0,0.0,True,0.5872558181759299,1.3108786058366695e-05,0.9921856624680918,1.0300396251409845,9.752593274989769,33.31459077043631
0.4,0.3888888888888889,1,11,75,13.5,0.0,0.0,True,0.606414577165647,2.458534436300397e-05,0.9914255568340463,1.028800424755437,10.096458093813123,34.48995992140613
0.4,0.3888888888888889,1,12,76,14.0,0.0,0.0,True,0.6877704806738201,0.0564123135821207,0.9862186268267518,1.0292318342917124,10.440323306138149,35.665297717751514
0.4,0.3888888888888889,1,13,77,14.5,0.0,0.0,True,0.6564434836230261,0.001104513998143375,0.9893304441704084,1.0319752269755456,10.877470778809503,37.15943306880808
0.4,0.3888888888888889,1,14,78,15.0,0.0,0.0,True,0.700863344150871,0.019083280116319656,0.9875770927124516,1.029560049802119,11.314617178177535,38.653665986877876
0.4,0.3888888888888889,1,15,79,15.5,-644.439720107145,644.439720107145,True,0.7469400769039847,0.019199904054403305,0.9855887651632257,1.0265292359122953,12.03709979221116,41.123202817345444
0.4,0.3888888888888889,1,16,80,16.0,0.0,0.0,True,0.8760483800456779,0.09372771430887902,0.977178950229271,1.0229847301273831,12.759581976533227,43.59274841653358
0.4,0.3888888888888889,1,17,81,16.5,0.0,0.0,True,0.8459323933282568,0.029108083312166855,0.9870451327056304,1.032860766915378,13.257087902917972,45.29305200146753
0.4,0.3888888888888889,1,18,82,17.0,0.0,0.0,True,0.9357586805689508,0.08353415038436651,0.9817111139151653,1.0265321684033477,13.754595994957942,46.993680950337065
0.4,0.3888888888888889,1,19,83,17.5,0.0,0.0,True,0.9474174469719392,0.09297934314236045,0.9809670070965216,1.0256579638090115,13.816783575705932,47.20625802322244
0.4,0.3888888888888889,1,20,84,18.0,0.0,0.0,True,0.9792033478823665,0.12137902543770451,0.9792849620414057,1.023784317345389,13.878971813889999,47.41885695382251
0.4,0.3888888888888889,1,21,85,18.5,0.0,0.0,True,0.9704146754826186,0.11578688861226626,0.9798401395091947,1.0244354480486573,13.833245317725112,47.26254897699002
0.4,0.3888888888888889,1,22,86,19.0,0.0,0.0,True,0.9558301430382925,0.10473102510768216,0.9805556684578457,1.0252568713918153,13.787518610516901,47.10623693816725
0.4,0.3888888888888889,1,23,87,19.5,0.0,0.0,True,0.9303920459530924,0.09205739570913102,0.9819677462249365,1.026957504395333,13.635705450353653,46.587299430695715
0.4,0.3888888888888889,1,24,88,20.0,0.0,0.0,True,0.894166861935843,0.06909199628041081,0.9841073475067874,1.0294343946497115,13.483893059439747,46.06834932874741
0.4,0.3888888888888889,1,25,89,20.5,0.0,0.0,True,0.8351707630212132,0.03630473706361248,0.9871518320972722,1.0331969624664485,13.081497847122007,44.69287079934608
0.4,0.3888888888888889,1,26,90,21.0,0.0,0.0,True,0.7850274031629595,0.01678388661818826,0.9833577246563937,1.0296800284781926,12.679103066265174,43.317536590944385
0.4,0.3888888888888889,1,27,91,21.5,0.0,0.0,True,0.7589197819672615,0.015365837240519022,0.9845998186657454,1.0250590761135354,12.364503576299482,42.242312256544665
0.4,0.3888888888888889,1,28,92,22.0,0.0,0.0,True,0.7385178023289385,0.01507029659114778,0.98549251693835,1.0264077329662493,12.049903425391468,41.1669685840433
0.4,0.3888888888888889,1,29,93,22.5,0.0,0.0,True,0.7156293288810996,0.009862356697162207,0.986754034690312,1.028004283591242,11.846876861353266,40.47298351591901
0.4,0.3888888888888889,1,30,94,23.0,0.0,0.0,True,0.6971491452696001,0.008877178188413382,0.9876949631151076,1.029260662930063,11.643850167081391,39.77900468900797
0.4,0.3888888888888889,1,31,95,23.5,0.0,0.0,True,0.684492489997604,0.009020998724736273,0.9884046385615264,1.0301336546994788,11.548738445471846,39.45389151716329
0.4,0.3888888888888889,1,32,96,0.0,0.0,0.0,True,0.6688977093171321,0.006312866028883287,0.9893272890915918,1.031232529769005,11.453626857832354,39.12877437645381
0.4,0.3888888888888889,1,33,97,0.5,0.0,0.0,True,0.6648768729514587,0.006045015528798103,0.9895988749320821,1.0315223467131398,11.451797571179673,39.122516110096306
0.4,0.3888888888888889,1,34,98,1.0,0.0,0.0,True,0.6603773961796217,0.005312022287398577,0.9899051573434561,1.0318489681935041,11.449968067485749,39.116256380039694
0.4,0.3888888888888889,1,35,99,1.5,0.0,0.0,True,0.6626772875419075,0.001489236156496347,0.9899342503647965,1.0317444606163342,11.556054445002511,39.47886633195253
0.4,0.3888888888888889,1,36,100,2.0,0.0,0.0,True,0.6673867697104784,0.0,0.9897887461516258,1.0314547288829496,11.662141272192141,39.841481457446676
0.4,0.3888888888888889,1,37,101,2.5,0.0,0.0,True,0.670783577370218,0.0,0.9899647002855263,1.0313102178155893,11.920039903184215,40.72299317383694
0.4,0.3888888888888889,1,38,102,3.0,0.0,0.0,True,0.6741862210323762,0.0,0.9901403278501585,1.0311652390580939,12.177938736480666,41.60450561032971
0.4,0.3888888888888889,1,39,103,3.5,0.0,0.0,True,0.7002839295235549,0.0,0.9891723870910243,1.0359007123162316,12.658982556632658,43.24864176719292
0.4,0.3888888888888889,1,40,104,4.0,0.0,0.0,True,0.7274582504376298,0.0,0.9945344152596638,1.0409887108701752,13.1400279536535,44.892776441698295
0.4,0.3888888888888889,1,41,105,4.5,0.0,0.0,True,0.7560525092746484,0.0,0.9934743365675992,1.039147633096495,13.694235931200005,46.78712005239205
0.4,0.3888888888888889,1,42,106,5.0,0.0,0.0,True,0.7846553800004442,0.0,0.9924137663706099,1.0373053687250215,14.248443517646505,48.68146241473641
0.4,0.3888888888888889,1,43,107,5.5,0.0,0.0,True,0.8013467960542598,0.0,0.991780734322214,1.0362262934473105,14.56304293746729,49.75679844295445
0.4,0.3888888888888889,1,44,108,6.0,0.0,0.0,True,0.8180415514174242,0.0,0.991147618150418,1.0351469109671025,14.87764336201914,50.832137928981446
0.4,0.3888888888888889,1,45,109,6.5,0.0,0.0,True,0.8071374340998742,0.0,0.9915856100523405,1.0358583496687275,14.687419816070316,50.181931388503244
0.4,0.3888888888888889,1,46,110,7.0,0.0,0.0,True,0.7962350960635214,0.0,0.99202346611913,1.0365695626598501,14.497196587057287,49.53172594207204
0.4,0.3888888888888889,1,47,111,7.5,-207.0039216428995,0.0,True,0.7578637220771346,0.0,0.9935819086097524,1.0390763970226256,13.838731939626669,47.28101523734388
0.6,0.6111111111111112,0,0,16,8.0,0.0,0.0,True,0.7648049050134207,0.0,0.9844640013999753,1.0247631275862863,12.485221957224562,42.654938829530394
0.6,0.6111111111111112,0,1,17,8.5,0.0,0.0,True,0.7498105435982791,0.0,0.9850767666087726,1.0257427600592706,12.227323260384185,41.77341046036648
0.6,0.6111111111111112,0,2,18,9.0,0.0,0.0,True,0.7734942770352815,0.03797784321795916,0.9844900517214982,1.0254509007120667,11.969424772453074,40.89190776483107
0.6,0.6111111111111112,0,3,19,9.5,0.0,0.0,True,0.9088222154799984,0.1849316314912309,0.9785039274779964,1.0194322716765059,11.718841493079411,40.03552111931963
0.6,0.6111111111111112,0,4,20,10.0,0.0,0.0,True,0.8646074234936582,0.15723964125684972,0.9794688996642756,1.0207779049752552,11.46825970813315,39.17899515153039
0.6,0.6111111111111112,0,5,21,10.5,0.0,0.0,True,0.820224042055009,0.12360721659833676,0.9806206236714707,1.0221910682343198,11.312788461822306,38.64755987995895
0.6,0.6111111111111112,0,6,22,11.0,0.0,0.0,True,0.8492651964808813,0.16219998078230913,0.980491033628961,1.022250233080704,11.157317759406034,38.116153032125624
0.6,0.6111111111111112,0,7,23,11.5,0.0,0.0,True,0.7287865104370357,0.05462005129918313,0.984889417451876,1.027104596363631,11.005504564197654,37.59715367101387
0.6,0.6111111111111112,0,8,24,12.0,0.0,0.0,True,0.695805832524959,0.03244063190700075,0.9864265875845604,1.0289266744162404,10.853692549754346,37.07821782635953
0.6,0.6111111111111112,0,9,25,12.5,0.0,0.0,True,0.6742521243651616,0.014859302266832644,0.9879190976002518,1.0305562158611332,10.817111051965089,36.95314871044682
0.6,0.6111111111111112,0,10,26,13.0,0.0,0.0,True,0.6590152513795733,0.003321674209157971,0.9889547897455878,1.031701214359211,10.780529519777794,36.828088980157325
0.6,0.6111111111111112,0,11,27,13.5,0.0,0.0,True,0.6580772410204079,0.00015526936624610244,0.9890615613649044,1.0317937152061298,10.796990536727744,36.884351641628264
0.6,0.6111111111111112,0,12,28,14.0,0.0,0.0,True,0.6624959955227162,0.0021886211297896807,0.9888433545180051,1.0315417651432037,10.813453216371252,36.94062674123481
0.6,0.6111111111111112,0,13,29,14.5,0.0,0.0,True,0.7854027574789237,0.10069896831737424,0.9865943994772522,1.028710306894276,11.16646277110418,38.14728438713507
0.6,0.6111111111111112,0,14,30,15.0,0.0,0.0,True,0.7430985534176672,0.03507616421047942,0.9854010216523124,1.0269949508871352,11.519473266926552,39.35392341042734
0.6,0.6111111111111112,0,15,31,15.5,0.0,0.0,True,0.8081029908102191,0.05501241425507403,0.9826551051532944,1.0231999366582314,12.212691212450443,41.723447353562335
0.6,0.6111111111111112,0,16,32,16.0,0.0,0.0,True,0.8428127999005992,0.04024325710834729,0.9801718702272713,1.025994613807921,12.905907488240457,44.092836457589186
0.6,0.6111111111111112,0,17,33,16.5,0.0,0.0,True,0.8921173833820126,0.06453142289401087,0.9836089491148884,1.0292725043817152,13.196729658834144,45.08681523899668
0.6,0.6111111111111112,0,18,34,17.0,0.0,0.0,True,1.0297387295824036,0.17655522651657932,0.9741068591073939,1.0222135782241821,13.487551109594703,46.08106214660517
0.6,0.6111111111111112,0,19,35,17.5,0.0,0.0,True,0.9054137278822565,0.061158160241398495,0.9833220993003716,1.0285851008404885,13.494867259934809,46.10587629671959
0.6,0.6111111111111112,0,20,36,18.0,0.0,0.0,True,0.9229806182512671,0.07928153069741484,0.9819293042078889,1.027088462019999,13.502183218659013,46.130911932243485
0.6,0.6111111111111112,0,21,37,18.5,0.0,0.0,True,0.9241592954999378,0.08546624799974599,0.98179072356427,1.0270343350922377,13.429021296750744,45.880842291199606
0.6,0.6111111111111112,0,22,38,19.0,0.0,0.0,True,0.9150230937743151,0.08188369895690659,0.9822529646502934,1.027620988459124,13.355858523599373,45.630757170109995
0.6,0.6111111111111112,0,23,39,19.5,0.0,0.0,True,0.905959305637072,0.07689783917473922,0.9826957380959592,1.0282154429841457,13.260746893927266,45.30564973047358
0.6,0.6111111111111112,0,24,40,20.0,0.0,0.0,True,0.8845211718749045,0.06016538075853145,0.9839130492297941,1.029636137231598,13.165634808328733,44.98052452510144
0.6,0.6111111111111112,0,25,41,20.5,0.0,0.0,True,0.8543980045393751,0.0602334172109246,0.9790463462501786,1.0249732943315515,12.765068493208412,43.6114625630309
0.6,0.6111111111111112,0,26,42,21.0,0.0,0.0,True,0.8105388766932063,0.04625950245438093,0.9814646011601663,1.0217381183348817,12.364502621670423,42.24237413871232
0.6,0.6111111111111112,0,27,43,21.5,0.0,0.0,True,0.7822372183425597,0.035986118784486376,0.9830173924101264,1.0237333349552775,12.091972494833529,41.31081498025048
0.6,0.6111111111111112,0,28,44,22.0,0.0,0.0,True,0.7603218598755795,0.031785437014661966,0.9840991265138902,1.0252286594473414,11.819440747309853,40.379260111265076
0.6,0.6111111111111112,0,29,45,22.5,0.0,0.0,True,0.7446911017715597,0.028796394523144232,0.9848767585918787,1.0262961887431354,11.629217364774727,39.72904727125919
0.6,0.6111111111111112,0,30,46,23.0,0.0,0.0,True,0.7298432583386766,0.026550366836951295,0.9855137605749887,1.0272141956633027,11.438994067117573,39.078837666555124
0.6,0.6111111111111112,0,31,47,23.5,0.0,0.0,True,0.7148219262597756,0.021603293921089062,0.9861156881797938,1.028062111550528,11.274377456287038,38.516154229119245
0.6,0.6111111111111112,0,32,48,0.0,0.0,0.0,True,0.6969720651425545,0.013926636237761114,0.9870474693863992,1.0292602294386262,11.109761822328698,37.953467272800125
0.6,0.6111111111111112,0,33,49,0.5,0.0,0.0,True,0.6887856386424656,0.007201065920980909,0.9873912030790178,1.0296545313169987,11.085982842922526,37.87218194588474
0.6,0.6111111111111112,0,34,50,1.0,0.0,0.0,True,0.6834588019603715,0.0032383024453151083,0.9877348423847447,1.03004938144868,11.062205626025351,37.79090263283136
0.6,0.6111111111111112,0,35,51,1.5,0.0,0.0,True,0.6912688598037662,6.553173079737462e-07,0.9875106501623905,1.0295759961415412,11.246942017498535,38.42234900416113
0.6,0.6111111111111112,0,36,52,2.0,0.0,0.0,True,0.7024409163778479,8.902787840270321e-07,0.9870424504576027,1.0288437192590818,11.431677796577166,39.05379837226952
0.6,0.6111111111111112,0,37,53,2.5,0.0,0.0,True,0.718295191764609,4.6412944243456877e-07,0.9863915383709504,1.027807755200968,11.702379791565201,39.979090019603795
0.6,0.6111111111111112,0,38,54,3.0,0.0,0.0,True,0.7341543422422729,2.006292305622992e-07,0.9857402575755182,1.0267712370460518,11.973081843442314,40.90438189641573
0.6,0.6111111111111112,0,39,55,3.5,0.0,0.0,True,0.7650668088374745,1.7981528799282387e-07,0.9844143187288876,1.0247363800113838,12.465101621961383,42.586167157757124
0.6,0.6111111111111112,0,40,56,4.0,0.0,0.0,True,0.800623741332358,3.463268285486265e-07,0.9828173260362411,1.0287505028610189,12.957120736444597,44.26783154707925
0.6,0.6111111111111112,0,41,57,4.5,0.0,0.0,True,0.8488154192091077,1.4651297988166334e-06,0.9870480504098544,1.0323888737029467,13.628389384749577,46.56218623101413
0.6,0.6111111111111112,0,42,58,5.0,0.0,0.0,True,0.8917138487183521,2.883911065509892e-06,0.9851963019399987,1.029553180922085,14.299657900561954,48.85666756705201
0.6,0.6111111111111112,0,43,59,5.5,0.0,0.0,True,0.9166333679893705,0.0001522071979707107,0.9841043381692525,1.027900311971787,14.680103373061797,50.15707961318468
0.6,0.6111111111111112,0,44,60,6.0,0.0,0.0,True,0.9439076132379542,0.0025283226277679205,0.9828402251007788,1.0260633435452204,15.060549961605746,51.457499111988
0.6,0.6111111111111112,0,45,61,6.5,-2165.6716842220926,2165.6716842220926,True,0.9173198829828278,0.0006435563554987311,0.984043249136134,1.0278445856804452,14.672786863715768,50.132072550762594
0.6,0.6111111111111112,0,46,62,7.0,0.0,0.0,True,0.8920512207648409,0.0,0.9851497957770511,1.0295224927403084,14.285024525953233,48.806650641827716
0.6,0.6111111111111112,0,47,63,7.5,-189.0475768595934,0.0,True,0.8428508194639445,0.0,0.9872820893566983,1.0327768665229136,13.520474452627477,46.19332058048209
0.6,0.6111111111111112,1,0,64,8.0,0.0,0.0,True,0.7884525022793635,0.0,0.9833273799497678,1.0295521280891111,12.755923945919603,43.58011627022009
0.6,0.6111111111111112,1,1,65,8.5,0.0,0.0,True,0.7503115533714121,0.00812122761271894,0.9850180798772061,1.025854399859284,12.091971988492881,41.31077164389531
0.6,0.6111111111111112,1,2,66,9.0,0.0,0.0,True,0.7737476727751414,0.07131326375033743,0.9831735122823708,1.0247496991495557,11.4280197882546,39.041375435548936
0.6,0.6111111111111112,1,3,67,9.5,0.0,0.0,True,0.784619334419102,0.11576981317375612,0.9817985959621718,1.0240468031038688,10.837230913431096,37.02204693191153
0.6,0.6111111111111112,1,4,68,10.0,0.0,0.0,True,0.8676687553780832,0.2306256282945064,0.9784379322069302,1.0212384575004014,10.246441740234175,35.00275882202193
0.6,0.6111111111111112,1,5,69,10.5,0.0,0.0,True,0.7192436231867056,0.10835209614198343,0.985403903558113,1.0226613079624243,9.939158603065,33.95242380646772
0.6,0.6111111111111112,1,6,70,11.0,0.0,0.0,True,0.7496543276440636,0.15749546026166553,0.9877333661823153,1.0255098411626602,9.631875077030653,32.902059560673926
0.6,0.6111111111111112,1,7,71,11.5,0.0,0.0,True,0.6115065705686072,0.029304044064051182,0.9906981498531093,1.0287560432600582,9.531276057364538,32.55814412574328
0.6,0.6111111111111112,1,8,72,12.0,0.0,0.0,True,0.5895428976318742,0.015811508151793045,0.9916310857429407,1.0298661912194231,9.430676914889988,32.21427015624002
0.6,0.6111111111111112,1,9,73,12.5,0.0,0.0,True,0.6846192498533907,0.10309421802203644,0.990189119350879,1.0281469595528465,9.591635371369643,32.764466807031624
0.6,0.6111111111111112,1,10,74,13.0,0.0,0.0,True,0.6149619232191242,0.027164713906560715,0.9910270419468217,1.028821790137594,9.752592707226995,33.31461270658947
0.6,0.6111111111111112,1,11,75,13.5,0.0,0.0,True,0.6065345045429206,0.00014238613368888764,0.991421141447215,1.0287957831323353,10.096458314716585,34.48996076747425
0.6,0.6111111111111112,1,12,76,14.0,0.0,0.0,True,0.6877141501915772,0.0563570447486997,0.986220331610952,1.0292336349567626,10.440323386213258,35.66529795613999
0.6,0.6111111111111112,1,13,77,14.5,0.0,0.0,True,0.6559963830568883,0.0006652404335909523,0.9893453464889803,1.0319909791051665,10.877470780641293,37.15943276615709
0.6,0.6111111111111112,1,14,78,15.0,0.0,0.0,True,0.7009385537103313,0.01915651373565197,0.987573393683652,1.0295561316303676,11.314617174661452,38.653666051708235
0.6,0.6111111111111112,1,15,79,15.5,-5397.835221465281,5397.835221465281,True,0.7470580577242542,0.019313329830765724,0.9855801808244612,1.0265201297329676,12.037099792369512,41.123202996507196
0.6,0.6111111111111112,1,16,80,16.0,0.0,0.0,True,0.8760483800561246,0.09372771430887902,0.9771789502280601,1.0229847301265844,12.759581976116,43.59274841510989
0.6,0.6111111111111112,1,17,81,16.5,0.0,0.0,True,0.8457699514701341,0.028952926411875524,0.9870569659318642,1.0328733964817147,13.257087902060235,45.29305175076041
0.6,0.6111111111111112,1,18,82,17.0,0.0,0.0,True,0.910428110993506,0.05953547248884661,0.9832903855100612,1.0282169278768807,13.75459582135117,46.993647301798454
0.6,0.6111111111111112,1,19,83,17.5,0.0,0.0,True,0.9192305932925774,0.06630426703468828,0.9827553111719358,1.0275658438986652,13.816782957907089,47.20621847842152
0.6,0.6111111111111112,1,20,84,18.0,0.0,0.0,True,0.9550489883189891,0.09862374745301139,0.9807712691160874,1.0253698338563564,13.87897184524414,47.41882595236458
0.6,0.6111111111111112,1,21,85,18.5,0.0,0.0,True,0.9486770653902402,0.09529239107549246,0.9811507054969322,1.0258333830374333,13.833245160209016,47.262521010593076
0.6,0.6111111111111112,1,22,86,19.0,0.0,0.0,True,0.9317275569778821,0.08195683140074536,0.9820450458408352,1.0268456795479033,13.787517849948298,47.106203165740126
0.6,0.6111111111111112,1,23,87,19.5,0.0,0.0,True,0.9164084238621207,0.07881739739692967,0.9828684874796989,1.0279185073199575,13.635705508840235,46.587280775928136
0.6,0.6111111111111112,1,24,88,20.0,0.0,0.0,True,0.8921571045222719,0.06718243043122864,0.9843248376769722,1.0296667545566849,13.483893119563476,46.06834497550822
0.6,0.6111111111111112,1,25,89,20.5,0.0,0.0,True,0.8497764968118532,0.050248648574312646,0.9862212033296232,1.032204140804196,13.08149792199053,44.69289053255632
0.6,0.6111111111111112,1,26,90,21.0,0.0,0.0,True,0.8084997521312643,0.03926994168003526,0.9819167534805037,1.028142955324462,12.679103094996924,43.31756684209115
0.6,0.6111111111111112,1,27,91,21.5,0.0,0.0,True,0.7788372531947317,0.03447943247243375,0.9834187303719436,1.0238070351314474,12.364503567204856,42.242336785904136
0.6,0.6111111111111112,1,28,92,22.0,0.0,0.0,True,0.7535910754493991,0.029560674122535602,0.9846641102348893,1.0255298310244079,12.049903534874913,41.16698617855146
0.6,0.6111111111111112,1,29,93,22.5,0.0,0.0,True,0.7311436589831228,0.024803501156760586,0.9858938813238443,1.0270927172504076,11.846876855775811,40.47300137681437
0.6,0.6111111111111112,1,30,94,23.0,0.0,0.0,True,0.7091248371745343,0.020429104991373057,0.9870232666970223,1.0285487936602966,11.643850213098277,39.77901880876041
0.6,0.6111111111111112,1,31,95,23.5,0.0,0.0,True,0.6841824429523821,0.008721584571709684,0.9884271393794365,1.0301575218260226,11.548738598335637,39.45389157154207
0.6,0.6111111111111112,1,32,96,0.0,0.0,0.0,True,0.6692311658350538,0.006635434880388463,0.9893031005649021,1.0312068724420187,11.453626848289224,39.128774847052874
0.6,0.6111111111111112,1,33,97,0.5,0.0,0.0,True,0.6626205648040772,0.00386097805909813,0.989762526889584,1.031695935801639,11.451798206443344,39.12251487685025
0.6,0.6111111111111112,1,34,98,1.0,0.0,0.0,True,0.6612201325122257,0.0061280385509121515,0.9898440365514348,1.03178413512744,11.449968523067177,39.11625920880943
0.6,0.6111111111111112,1,35,99,1.5,0.0,0.0,True,0.6663844795857736,0.005079448235983677,0.989665379075136,1.031459260395361,11.556054123079543,39.47887082534704
0.6,0.6111111111111112,1,36,100,2.0,0.0,0.0,True,0.6673869256520375,1.9268989603915543e-07,0.9897887360212884,1.031454719730725,11.662140050032702,39.841477280231
0.6,0.6111111111111112,1,37,101,2.5,0.0,0.0,True,0.6707886894063804,4.9565073823032435e-06,0.9899643295471422,1.0313098245507655,11.920039904175708,40.722993184939234
0.6,0.6111111111111112,1,38,102,3.0,0.0,0.0,True,0.6742012756441431,1.4609241588914301e-05,0.9901392360635152,1.031164080912768,12.177938738585349,41.60450564024155
0.6,0.6111111111111112,1,39,103,3.5,0.0,0.0,True,0.7014454316209668,0.0011264919303357601,0.9890880948111701,1.0358107486353199,12.658982560462656,43.24864354508211
0.6,0.6111111111111112,1,40,104,4.0,0.0,0.0,True,0.7329950423535496,0.005366264842450619,0.9941322859390959,1.040559520486363,13.14002797282798,44.8927849271005
0.6,0.6111111111111112,1,41,105,4.5,0.0,0.0,True,0.7633212895605956,0.007037242874503136,0.9929460860472915,1.0385838122358837,13.694235943581651,46.78713115662645
0.6,0.6111111111111112,1,42,106,5.0,0.0,0.0,True,0.7920982076533802,0.00719881197437644,0.9918725456384099,1.036727681440682,14.248443520568346,48.681473759516095
0.6,0.6111111111111112,1,43,107,5.5,0.0,0.0,True,0.8087952125185851,0.0071999081410467625,0.9912389179788103,1.0356479572970991,14.563042938436954,49.75680979423305
0.6,0.6111111111111112,1,44,108,6.0,0.0,0.0,True,0.8235078691802814,0.005281609921503537,0.990749861440428,1.034722334844822,14.877643336814442,50.83214617406541
0.6,0.6111111111111112,1,45,109,6.5,0.0,0.0,True,0.8071374316375832,0.0,0.9915856102989082,1.0358583500161056,14.687419751940997,50.18193116930003
0.6,0.6111111111111112,1,46,110,7.0,0.0,0.0,True,0.7962350960538601,0.0,0.9920234661187614,1.0365695626593823,14.497196587054951,49.531725942063346
0.6,0.6111111111111112,1,47,111,7.5,-188.26853781938553,0.0,True,0.7578637220929484,0.0,0.993581908609446,1.0390763970221666,13.838731939721733,47.2810152376679
0.8,0.7777777777777778,0,0,16,8.0,0.0,0.0,True,0.7648049050134207,0.0,0.9844640013999753,1.0247631275862863,12.485221957224562,42.654938829530394
0.8,0.7777777777777778,0,1,17,8.5,0.0,0.0,True,0.7498105435982791,0.0,0.9850767666087726,1.0257427600592706,12.227323260384185,41.77341046036648
0.8,0.7777777777777778,0,2,18,9.0,0.0,0.0,True,0.8140043295835332,0.07839681562291585,0.984640707229653,1.0256127187188642,11.969424319513946,40.89190304259986
0.8,0.7777777777777778,0,3,19,9.5,0.0,0.0,True,0.8056015467264308,0.08476678108274882,0.9827863602548813,1.023972469823002,11.718840969326926,40.035430276123634
0.8,0.7777777777777778,0,4,20,10.0,0.0,0.0,True,0.8449066750603694,0.1384515230204062,0.9807476403304676,1.022133881189909,11.468259037382605,39.178966263471246
0.8,0.7777777777777778,0,5,21,10.5,0.0,0.0,True,0.8151911086866436,0.11883903404640393,0.9810152078061989,1.022609697111006,11.312788281356378,38.647551052604534
0.8,0.7777777777777778,0,6,22,11.0,0.0,0.0,True,0.8295217806761087,0.14342915975553688,0.9819319666556025,1.0237786569665188,11.15731809131471,38.11612419073859
0.8,0.7777777777777778,0,7,23,11.5,0.0,0.0,True,0.734273527937894,0.05987149120916769,0.9844902868459147,1.0266812186794454,11.005505087792285,37.59716376376691
0.8,0.7777777777777778,0,8,24,12.0,0.0,0.0,True,0.7257287553896598,0.06111255343712685,0.9842539305027297,1.026622121977652,10.853692365200542,37.07826238988815
0.8,0.7777777777777778,0,9,25,12.5,0.0,0.0,True,0.6893804578125682,0.0294188940133213,0.9868225949018398,1.029393168870562,10.817111209436886,36.95317205680727
0.8,0.7777777777777778,0,10,26,13.0,0.0,0.0,True,0.6683121284291398,0.01229667325961259,0.9882908638753602,1.0309970335254623,10.78052958102771,36.82810299881591
0.8,0.7777777777777778,0,11,27,13.5,0.0,0.0,True,0.6757263490169819,0.017180519711246234,0.9877859901748706,1.0304407581214095,10.796990591354808,36.88437836055113
0.8,0.7777777777777778,0,12,28,14.0,0.0,0.0,True,0.6714230137368713,0.010804812709125144,0.9882047994181932,1.0308644456157243,10.813452266708994,36.94063677788533
0.8,0.7777777777777778,0,13,29,14.5,0.0,0.0,True,0.7885231996189852,0.10370845716741119,0.9863880449392916,1.0284914976106116,11.166462847712658,38.147288940288824
0.8,0.7777777777777778,0,14,30,15.0,0.0,0.0,True,0.7308031322034954,0.023087236973153725,0.98590469859632,1.027527680401481,11.519473422353196,39.35391349303337
0.8,0.7777777777777778,0,15,31,15.5,0.0,0.0,True,0.8189441811664844,0.06553492548603798,0.9822034772825989,1.0227222704993255,12.212691247588783,41.72345684352586
0.8,0.7777777777777778,0,16,32,16.0,0.0,0.0,True,0.8394102053657188,0.03713109814335168,0.9804623883177204,1.0263048092309917,12.905907444400352,44.09283022236867
0.8,0.7777777777777778,0,17,33,16.5,-520.8324298844514,520.8324298844514,True,0.8928114821957578,0.06515820717817178,0.9832909388853869,1.0289322177023388,13.196729703863722,45.08682206885009
0.8,0.7777777777777778,0,18,34,17.0,0.0,0.0,True,1.0234004849255691,0.17056624778056587,0.9743093250640906,1.0222135782241821,13.487551116308202,46.081057946236335
0.8,0.7777777777777778,0,19,35,17.5,0.0,0.0,True,0.8976709872632623,0.0537888077706484,0.9835459940859557,1.0288229738376948,13.49486725993885,46.105871629810466
0.8,0.7777777777777778,0,20,36,18.0,0.0,0.0,True,0.9149210964877089,0.07165186223823738,0.9824601015368224,1.0276548097610783,13.502183190231626,46.130900723646576
0.8,0.7777777777777778,0,21,37,18.5,0.0,0.0,True,0.9139150715759737,0.07577527373868394,0.9825053882047646,1.0277970023180436,13.429021170988506,45.88082689837193
0.8,0.7777777777777778,0,22,38,19.0,0.0,0.0,True,0.9092899196416108,0.07647199316306796,0.9828731352129856,1.0282835527963288,13.35585845816491,45.63074394757097
0.8,0.7777777777777778,0,23,39,19.5,0.0,0.0,True,0.9048731133082886,0.0758890958969432,0.983032313645286,1.028575501180151,13.26074671283397,45.30564204758684
0.8,0.7777777777777778,0,24,40,20.0,0.0,0.0,True,0.8909752915763288,0.06631744630608477,0.9837909346956084,1.029506926267307,13.165635441719271,44.98052922498157
0.8,0.7777777777777778,0,25,41,20.5,0.0,0.0,True,0.8534071438971695,0.05930419888883952,0.9793928339967855,1.025343976661579,12.765068465898674,43.61145519782401
0.8,0.7777777777777778,0,26,42,21.0,0.0,0.0,True,0.8080975099387564,0.04393314664784164,0.9817033390297589,1.0219915636520531,12.364502625871891,42.24236918138092
0.8,0.7777777777777778,0,27,43,21.5,0.0,0.0,True,0.7830663702319631,0.036778735577113975,0.9829556716566987,1.023667859112489,12.091972400823769,41.310815943264394
0.8,0.7777777777777778,0,28,44,22.0,0.0,0.0,True,0.7612666752633813,0.0326902142759522,0.984029937169757,1.0251552653931832,11.819440745636964,40.379261545139336
0.8,0.7777777777777778,0,29,45,22.5,0.0,0.0,True,0.7458326066555675,0.029890899639287073,0.9847937371727112,1.0262081249539916,11.62921736163711,39.72904898780528
0.8,0.7777777777777778,0,30,46,23.0,0.0,0.0,True,0.7309036582995004,0.027567582359865516,0.9853909320727972,1.0270837641748887,11.438994058886939,39.078840196595664
0.8,0.7777777777777778,0,31,47,23.5,0.0,0.0,True,0.7164235195574724,0.023141615433992513,0.9859993569874452,1.027938718004882,11.274377457682668,38.51615665394614
0.8,0.7777777777777778,0,32,48,0.0,0.0,0.0,True,0.7035654973306331,0.02027036519599519,0.9866279257675942,1.0288154078840532,11.109761770831833,37.95347582055056
0.8,0.7777777777777778,0,33,49,0.5,0.0,0.0,True,0.6943188665562747,0.012527311586205571,0.9870026217286404,1.029242405222082,11.08598356125668,37.87219248369091
0.8,0.7777777777777778,0,34,50,1.0,0.0,0.0,True,0.6871735038534977,0.006815883681920578,0.9874651857888204,1.0297633572014486,11.062206348090807,37.79091071028523
0.8,0.7777777777777778,0,35,51,1.5,0.0,0.0,True,0.6945475899693226,0.0031586327543020624,0.9872726293151303,1.0293235262948646,11.246942023227554,38.42235397526952
0.8,0.7777777777777778,0,36,52,2.0,0.0,0.0,True,0.702441030016227,9.977817398976185e-07,0.9870424421776,1.0288437104123558,11.431677846207604,39.05379854208105
0.8,0.7777777777777778,0,37,53,2.5,0.0,0.0,True,0.7182960418647459,1.2820958943393634e-06,0.986391476642446,1.0278076897239847,11.702379791564814,39.97909002088638
0.8,0.7777777777777778,0,38,54,3.0,0.0,0.0,True,0.7342077010031636,5.1504850688388615e-05,0.9857363808702846,1.026767124820522,11.973081842365229,40.90438197339679
0.8,0.7777777777777778,0,39,55,3.5,0.0,0.0,True,0.7662055486403612,0.0010931469613524314,0.9843315271933842,1.0246485557284972,12.465101625503818,42.586168892681464
0.8,0.7777777777777778,0,40,56,4.0,0.0,0.0,True,0.806263040826514,0.005401749663036526,0.9824068973911158,1.0283124548603668,12.957120755549193,44.26784020597608
0.8,0.7777777777777778,0,41,57,4.5,0.0,0.0,True,0.8562411285058995,0.007097965200955514,0.9865069256625055,1.031811321050165,13.6283893951814,46.56219759803218
0.8,0.7777777777777778,0,42,58,5.0,0.0,0.0,True,0.8992646234189448,0.00720232566982304,0.9846455309225767,1.0289653047946037,14.299657904341476,48.85667911489674
0.8,0.7777777777777778,0,43,59,5.5,0.0,0.0,True,0.92101397655575,0.00432427145765735,0.9837846477305456,1.0275590751445396,14.680103333759886,50.15708617469087
0.8,0.7777777777777778,0,44,60,6.0,0.0,0.0,True,0.9438733996044459,0.0024957829155027866,0.98284272585099,1.026066013104267,15.060549891779576,51.457498820933765
0.8,0.7777777777777778,0,45,61,6.5,-2158.305793644918,2158.305793644918,True,0.9174714037962604,0.0007879048935137689,0.9840321817276491,1.0278327719378386,14.672786865936112,50.132072790164415
0.8,0.7777777777777778,0,46,62,7.0,0.0,0.0,True,0.8920512206929294,0.0,0.9851497957851479,1.0295224927511675,14.285024524278015,48.8066506361019
0.8,0.7777777777777778,0,47,63,7.5,-179.11082040518522,0.0,True,0.8428508194646418,0.0,0.9872820893564566,1.0327768665226422,13.520474452638048,46.19332058051837
0.8,0.7777777777777778,1,0,64,8.0,0.0,0.0,True,0.788452502256961,0.0,0.983327379948551,1.0295521280878401,12.755923945891967,43.580116270124975
0.8,0.7777777777777778,1,1,65,8.5,0.0,0.0,True,0.7981319057363649,0.054599101189523935,0.9828848414340416,1.0235971271718238,12.091972061679353,41.310816171495574
0.8,0.7777777777777778,1,2,66,9.0,0.0,0.0,True,0.7705055060521657,0.06804473215015605,0.9830785044256409,1.024647541087861,11.428020212880261,39.04137889058448
0.8,0.7777777777777778,1,3,67,9.5,0.0,0.0,True,0.7577407773401565,0.08941464143950063,0.9824263552582184,1.0247070670035037,10.8372307842474,37.02203354193669
0.8,0.7777777777777778,1,4,68,10.0,0.0,0.0,True,0.8323500919570345,0.19606347493255638,0.9792219196119122,1.0220654430799003,10.246441759357397,35.00274267135474
0.8,0.7777777777777778,1,5,69,10.5,0.0,0.0,True,0.7175821551067911,0.1068343942660484,0.985570345234542,1.0228352938814897,9.939158554678118,33.952420229712466
0.8,0.7777777777777778,1,6,70,11.0,0.0,0.0,True,0.72928847874725,0.1378138229863612,0.9889981945117985,1.0268432139284636,9.631875145975847,32.90203365491295
0.8,0.7777777777777778,1,7,71,11.5,0.0,0.0,True,0.6074263549708797,0.025552835443328686,0.9914554943233923,1.0295550790012815,9.531276026648932,32.5581283558005
0.8,0.7777777777777778,1,8,72,12.0,0.0,0.0,True,0.6062459823778867,0.03232984543620887,0.9913510825087712,1.0295741561133926,9.430677238058276,32.21427698597927
0.8,0.7777777777777778,1,9,73,12.5,0.0,0.0,True,0.6711405942493319,0.08993205018354204,0.9907817223440382,1.0287698431715633,9.591636055807728,32.764456934731044
0.8,0.7777777777777778,1,10,74,13.0,0.0,0.0,True,0.5874379251562055,0.0001917857602595196,0.9921779949115948,1.030031565275612,9.752593256937757,33.314590866755786
0.8,0.7777777777777778,1,11,75,13.5,0.0,0.0,True,0.6070267339574908,0.0006249913479905445,0.9914000801355691,1.028773645052271,10.096458092281306,34.489960441254155
0.8,0.7777777777777778,1,12,76,14.0,0.0,0.0,True,0.6880122869327069,0.05664816026459237,0.9862084299396866,1.0292210489545615,10.440323504923334,35.66529860869914
0.8,0.7777777777777778,1,13,77,14.5,0.0,0.0,True,0.6576666326917293,0.002300599870068254,0.9892743255939727,1.0319158663467962,10.877470772474329,37.1594342112664
0.8,0.7777777777777778,1,14,78,15.0,0.0,0.0,True,0.7517062180799119,0.06864225119352341,0.9854232244957021,1.0272818543171862,11.314617716675551,38.65371250891376
0.8,0.7777777777777778,1,15,79,15.5,-6015.636180004905,6015.636180004905,True,0.7528803440898124,0.024986925534904003,0.985322557794037,1.026247541064547,12.03709935641717,41.12320685328849
0.8,0.7777777777777778,1,16,80,16.0,0.0,0.0,True,0.8760477514436252,0.09372711639978612,0.9771789777143893,1.0229847594229684,12.759581961704875,43.59274836527877
0.8,0.7777777777777778,1,17,81,16.5,0.0,0.0,True,0.8456536343079655,0.028841819635999855,0.9870653455609116,1.0328823397734948,13.257087901506484,45.293051573411496
0.8,0.7777777777777778,1,18,82,17.0,0.0,0.0,True,0.9100571814042504,0.05918368349192704,0.9833173934586983,1.0282457544622698,13.754595819249118,46.99364672903404
0.8,0.7777777777777778,1,19,83,17.5,0.0,0.0,True,0.9181761445154217,0.06530380701474758,0.982832190426914,1.0276478988917663,13.81678300029296,47.20621701336141
0.8,0.7777777777777778,1,20,84,18.0,0.0,0.0,True,0.9505699806011101,0.09439410352388222,0.9809230139417137,1.0255312330076314,13.878971836295563,47.41882275505078
0.8,0.7777777777777778,1,21,85,18.5,0.0,0.0,True,0.9469557336824598,0.09366724810093073,0.9812544165344573,1.0259440087683402,13.83324511841249,47.262518697218205
0.8,0.7777777777777778,1,22,86,19.0,0.0,0.0,True,0.9317753314759811,0.08200225043013706,0.9820363918997552,1.026836426880449,13.787517861912102,47.10620338817012
0.8,0.7777777777777778,1,23,87,19.5,0.0,0.0,True,0.9141247900211985,0.07665384830121731,0.9830256033158179,1.0280861737433857,13.63570549317049,46.587277432792085
0.8,0.7777777777777778,1,24,88,20.0,0.0,0.0,True,0.895669874867051,0.07051952213314823,0.9840614928250822,1.0293856574802696,13.483893156116178,46.06835061538438
0.8,0.7777777777777778,1,25,89,20.5,0.0,0.0,True,0.8571432739189969,0.05727786201650744,0.9859148521005047,1.0318779144330879,13.081497924413949,44.692896940799386
0.8,0.7777777777777778,1,26,90,21.0,0.0,0.0,True,0.8078567068084798,0.038655127244058264,0.981957987319295,1.0281869458729882,12.679103076977475,43.31756591752898
0.8,0.7777777777777778,1,27,91,21.5,0.0,0.0,True,0.7766434191364795,0.032378838735634935,0.9835774055651173,1.0239753536159413,12.364503562259786,42.242333467211914
0.8,0.7777777777777778,1,28,92,22.0,0.0,0.0,True,0.7548135278052072,0.030733148613570904,0.984574931611813,1.0254352323548819,12.049903460267341,41.166987779121136
0.8,0.7777777777777778,1,29,93,22.5,0.0,0.0,True,0.7303214508536376,0.02401306681437246,0.9859532095158955,1.027155648431314,11.846876895147158,40.47300027702133
0.8,0.7777777777777778,1,30,94,23.0,0.0,0.0,True,0.706186591091579,0.017598275884527316,0.9872307826129508,1.028768894891183,11.64385024741576,39.779014609032714
0.8,0.7777777777777778,1,31,95,23.5,0.0,0.0,True,0.6849019391842099,0.009416368908361174,0.9883749230164435,1.0301021343509653,11.548738541249108,39.45389246275576
0.8,0.7777777777777778,1,32,96,0.0,0.0,0.0,True,0.6674560202812151,0.004917964167893807,0.989431860053966,1.0313434504396881,11.453626885347333,39.12877229501254
0.8,0.7777777777777778,1,33,97,0.5,0.0,0.0,True,0.6641264532177824,0.0053187311001110515,0.9896533055791693,1.0315800826153534,11.451797673305077,39.12251532679107
0.8,0.7777777777777778,1,34,98,1.0,0.0,0.0,True,0.6615432141837245,0.006440857844797421,0.9898206042647452,1.031759280090034,11.449968348995165,39.11625910130436
0.8,0.7777777777777778,1,35,99,1.5,0.0,0.0,True,0.666509775869438,0.005200722701615241,0.98965629009833,1.0314496184459692,11.556054859167505,39.47887353043876
0.8,0.7777777777777778,1,36,100,2.0,0.0,0.0,True,0.6673870418391459,2.97832482232252e-07,0.989788727382847,1.0314547103101883,11.662140246790534,39.841477952944544
0.8,0.7777777777777778,1,37,101,2.5,0.0,0.0,True,0.670785192492898,1.5659809404766634e-06,0.9899645831510446,1.0313100935638606,11.920039903508071,40.722993177383486
0.8,0.7777777777777778,1,38,102,3.0,0.0,0.0,True,0.6741910944740618,4.729271060099904e-06,0.9901399744177192,1.0311648641439675,12.17793873720385,41.60450562015469
0.8,0.7777777777777778,1,39,103,3.5,0.0,0.0,True,0.7006637729582788,0.0003684168478939043,0.9891448216042849,1.0358712921553586,12.658982557866484,43.248642348539065
0.8,0.7777777777777778,1,40,104,4.0,0.0,0.0,True,0.7333105290152729,0.005671894621103846,0.9941093699074964,1.040535062312106,13.140027977886346,44.892785424210786
0.8,0.7777777777777778,1,41,105,4.5,0.0,0.0,True,0.7633895939538637,0.007103333547711088,0.9929411213694523,1.0385785132534098,13.694235942061523,46.787131255394264
0.8,0.7777777777777778,1,42,106,5.0,0.0,0.0,True,0.7920994366955562,0.007200000092382197,0.9918724562414073,1.0367275860205791,14.24844351990348,48.68147375911547
0.8,0.7777777777777778,1,43,107,5.5,0.0,0.0,True,0.8088017579755077,0.007206232241969701,0.9912384413374512,1.0356474485103913,14.563042938482203,49.75680980437131
0.8,0.7777777777777778,1,44,108,6.0,0.0,0.0,True,0.8255387855940132,0.007242751052604234,0.9906020563621096,1.034564563445652,14.87764336376289,50.83214936204436
0.8,0.7777777777777778,1,45,109,6.5,0.0,0.0,True,0.8089953275931224,0.001796468868949502,0.9914504620077764,1.0357140911673544,14.68741974968301,50.18193399223478
0.8,0.7777777777777778,1,46,110,7.0,0.0,0.0,True,0.7962350953459075,0.0,0.9920234661934222,1.036569562764879,14.497196567460154,49.531725875084256
0.8,0.7777777777777778,1,47,111,7.5,-187.26662285625935,0.0,True,0.7578637221222504,0.0,0.993581908607019,1.0390763970195294,13.838731939722972,47.28101523767121
1.0,1.0,0,0,16,8.0,0.0,0.0,True,0.7648049050134207,0.0,0.9844640013999753,1.0247631275862863,12.485221957224562,42.654938829530394
1.0,1.0,0,1,17,8.5,0.0,0.0,True,0.7498105435982791,0.0,0.9850767666087726,1.0257427600592706,12.227323260384185,41.77341046036648
1.0,1.0,0,2,18,9.0,0.0,0.0,True,0.7895539173905933,0.05401362782140495,0.984543258682472,1.0255081323675512,11.96942461037237,40.891906088232666
1.0,1.0,0,3,19,9.5,0.0,0.0,True,0.8299606958364784,0.10905421370154697,0.9827714264471266,1.0239575227286266,11.718840995147591,40.035430657557356
1.0,1.0,0,4,20,10.0,0.0,0.0,True,0.7733803555477111,0.06912763359399209,0.9837287919132816,1.0252874311091986,11.468259681880076,39.17890661460252
1.0,1.0,0,5,21,10.5,0.0,0.0,True,0.7891196995960923,0.09363504982523323,0.9822299469397346,1.0238955353949428,11.312787933874144,38.64752464595173
1.0,1.0,0,6,22,11.0,0.0,0.0,True,0.8389290317571624,0.15237778416477604,0.9812417697848841,1.0230465371301325,11.157317743118893,38.11613735911211
1.0,1.0,0,7,23,11.5,0.0,0.0,True,0.7419805367714344,0.06731572763880558,0.9840634875977045,1.026228942046468,11.00550513353089,37.59717278995065
1.0,1.0,0,8,24,12.0,0.0,0.0,True,0.7244322394195404,0.06024854443470598,0.9850473942733848,1.027465945428948,10.853692471816474,37.07824620614543
1.0,1.0,0,9,25,12.5,0.0,0.0,True,0.7065646436346725,0.04592262220840439,0.985592848598228,1.0280888471272698,10.81711091569305,36.95319663145309
1.0,1.0,0,10,26,13.0,0.0,0.0,True,0.6951101381189796,0.03833099672812874,0.9868539402430109,1.0294750390688643,10.78052955686228,36.82813276328799
1.0,1.0,0,11,27,13.5,0.0,0.0,True,0.7186348116673323,0.05910282312004256,0.9861262184864517,1.028686279923461,10.796990563575855,36.88441267196013
1.0,1.0,0,12,28,14.0,0.0,0.0,True,0.6721574290792549,0.011552798175344794,0.9882400532452088,1.0309022293997638,10.813453157379406,36.94063908127092
1.0,1.0,0,13,29,14.5,0.0,0.0,True,0.7865706746786995,0.10183896981197904,0.9865475898332494,1.028660800876386,11.166462869882764,38.14728569567892
1.0,1.0,0,14,30,15.0,0.0,0.0,True,0.7111484259238476,0.0038966150634246184,0.9867121295798301,1.0283816607569183,11.51947356121401,39.35389721820735
1.0,1.0,0,15,31,15.5,-1003.1244546250417,1003.1244546250417,True,0.8196154106552476,0.06618203111065668,0.9821703830547073,1.0226873207751366,12.21269127812241,41.72345763345998
1.0,1.0,0,16,32,16.0,0.0,0.0,True,0.8403994478564856,0.038220588215569486,0.9806147362608185,1.0264681214083338,12.905907433417541,44.0928269809911
1.0,1.0,0,17,33,16.5,0.0,0.0,True,0.8873300496796861,0.0599644505375963,0.9837081923871778,1.0293776208757515,13.196729685542532,45.08681326805134
1.0,1.0,0,18,34,17.0,0.0,0.0,True,1.0095781414847762,0.15768605332969357,0.9753281623801462,1.0222135782241821,13.487551125162556,46.08103664072474
1.0,1.0,0,19,35,17.5,0.0,0.0,True,0.8814455504703889,0.03837910532527719,0.984785933794455,1.0301465805327616,13.494867260835239,46.10584566456149
1.0,1.0,0,20,36,18.0,0.0,0.0,True,0.9077566079858602,0.06486800160715678,0.9830238980398219,1.0282567083588194,13.502183250292795,46.130889120031924
1.0,1.0,0,21,37,18.5,0.0,0.0,True,0.9152045959685421,0.07700741318829658,0.9826067798960659,1.0279058536313022,13.429020849357842,45.880823663444644
1.0,1.0,0,22,38,19.0,0.0,0.0,True,0.907318033338486,0.0746054693734095,0.9830429081169876,1.0284648396639882,13.355858503313293,45.63074054521893
1.0,1.0,0,23,39,19.5,0.0,0.0,True,0.8998745688250782,0.07115382902982102,0.9834004579772729,1.0289684357308604,13.260746837455978,45.30563476466434
1.0,1.0,0,24,40,20.0,0.0,0.0,True,0.8856961180837399,0.06130583770383192,0.984061780544359,1.0297956261213586,13.165635381978172,44.980523356932224
1.0,1.0,0,25,41,20.5,0.0,0.0,True,0.8567976343682632,0.06253132794740164,0.9791527081283945,1.0250877036587045,12.7650684952238,43.611460325493034
1.0,1.0,0,26,42,21.0,0.0,0.0,True,0.811652960576356,0.04732665947488733,0.9814300361242745,1.0217015876218363,12.364502627611158,42.24237487561863
1.0,1.0,0,27,43,21.5,0.0,0.0,True,0.7857575723890229,0.03935312239070593,0.9827602508948793,1.0234605504521295,12.091972426219192,41.310820096527614
1.0,1.0,0,28,44,22.0,0.0,0.0,True,0.7656041531443414,0.036844053839118374,0.9837146927340191,1.0248208571250943,11.819440714685687,40.379267998612754
1.0,1.0,0,29,45,22.5,0.0,0.0,True,0.7503292884501673,0.03420118991990138,0.984466895042632,1.0258614264809394,11.629217359869742,39.729055781858754
1.0,1.0,0,30,46,23.0,0.0,0.0,True,0.7320943185068985,0.028710527536254877,0.9853678052503092,1.027059433439531,11.438994123296506,39.07884089395401
1.0,1.0,0,31,47,23.5,0.0,0.0,True,0.716530048552503,0.0232439203768795,0.9859916189963526,1.0279305102414902,11.274377460717814,38.51615682529578
1.0,1.0,0,32,48,0.0,0.0,0.0,True,0.6960521944182775,0.013030683578516437,0.9869486830610776,1.0291549253414842,11.109761826968564,37.95346935386474
1.0,1.0,0,33,49,0.5,0.0,0.0,True,0.6927233138420117,0.010991015233405843,0.9871053178973739,1.029351293781221,11.085983164474133,37.87218899197665
1.0,1.0,0,34,50,1.0,0.0,0.0,True,0.6896204270148864,0.00917180259767306,0.9872875562682212,1.0295749477203986,11.062205898722107,37.79091286933933
1.0,1.0,0,35,51,1.5,0.0,0.0,True,0.6980633589227787,0.006542915333794808,0.987017359240576,1.0290527596688626,11.246942008528169,38.422359235397735
1.0,1.0,0,36,52,2.0,0.0,0.0,True,0.707043503493823,0.00443092068695839,0.9867082321881928,1.0284892079081471,11.431677829427164,39.053805437603
1.0,1.0,0,37,53,2.5,0.0,0.0,True,0.7182958003896578,1.0467052349305561e-06,0.9863914940959482,1.0278077081305403,11.702379873402647,39.97909030025121
1.0,1.0,0,38,54,3.0,0.0,0.0,True,0.7341683844775119,1.3702225749145924e-05,0.9857392373517597,1.0267701548406287,11.973081843224302,40.904381916899354
1.0,1.0,0,39,55,3.5,0.0,0.0,True,0.7651067182599088,3.848841170173145e-05,0.9844114172035271,1.0247333021082228,12.46510162203551,42.586167218389114
1.0,1.0,0,40,56,4.0,0.0,0.0,True,0.8038905717071156,0.0031299562342375076,0.9825795772882936,1.0284967551312791,12.95712075018057,44.26783657203419
1.0,1.0,0,41,57,4.5,0.0,0.0,True,0.8556948610567375,0.0065762004658367346,0.986546738651804,1.0318538142198799,13.62838940769062,46.56219680708741
1.0,1.0,0,42,58,5.0,0.0,0.0,True,0.8992630610975269,0.007200836897652607,0.9846456448321778,1.0289654263686725,14.299657909800361,48.85667913117093
1.0,1.0,0,43,59,5.5,0.0,0.0,True,0.9240832272962236,0.007245661344200016,0.9835606283673977,1.0273199572691833,14.680103373575593,50.157091002819634
1.0,1.0,0,44,60,6.0,0.0,0.0,True,0.9517559562843682,0.00998798432192416,0.9822670233203556,1.0254514908871184,15.060549970553325,51.45751114905048
1.0,1.0,0,45,61,6.5,-2158.610189259421,2158.610189259421,True,0.9215582881170779,0.0046796737525293215,0.9837339193060141,1.0275144075428988,14.67278681693663,50.13207886971052
1.0,1.0,0,46,62,7.0,0.0,0.0,True,0.8920548900446308,3.50146297023457e-06,0.9851495282007711,1.0295222071935413,14.285024483330949,48.8066505017472
1.0,1.0,0,47,63,7.5,-2065.4278238297065,1893.253214563485,True,0.8428813776207075,2.922492058132775e-05,0.9872798630314742,1.0327744903393423,13.520474452739503,46.19332062748345
1.0,1.0,1,0,64,8.0,0.0,0.0,True,0.7884525022880691,0.0,0.9833273799457714,1.0295521280848834,12.755923945849629,43.58011626998087
1.0,1.0,1,1,65,8.5,0.0,0.0,True,0.7910678509952612,0.04772076243534684,0.9831459911290952,1.0238730931308502,12.091972052792315,41.31081072790765
1.0,1.0,1,2,66,9.0,0.0,0.0,True,0.7448992234616267,0.04362712851209628,0.9851360131920605,1.0268308064241596,11.428020590821165,39.041337361671296
1.0,1.0,1,3,67,9.5,0.0,0.0,True,0.7109414144740657,0.04456996243470712,0.9856159776881925,1.0280893929456487,10.8372311819694,37.02196857094899
1.0,1.0,1,4,68,10.0,0.0,0.0,True,0.7989026723512568,0.1653106386443831,0.9832156741443365,1.0263039482882712,10.24644185476319,35.00265988676913
1.0,1.0,1,5,69,10.5,0.0,0.0,True,0.7247000099191403,0.11333412008700877,0.9846010711012643,1.0218145130612135,9.939158145693373,33.95243884640159
1.0,1.0,1,6,70,11.0,0.0,0.0,True,0.7667380571661335,0.173718410077708,0.9861609550958104,1.023852339242937,9.631875029475696,32.90209189437199
1.0,1.0,1,7,71,11.5,0.0,0.0,True,0.6628132098094184,0.07887923743967563,0.9873541230638039,1.0252310500234736,9.531275954920176,32.55821288283359
1.0,1.0,1,8,72,12.0,0.0,0.0,True,0.6005632367472834,0.02641379870407831,0.990709939764358,1.0288946749974723,9.430677048697714,32.21428965948783
1.0,1.0,1,9,73,12.5,0.0,0.0,True,0.6909681580019026,0.10923238633505129,0.9897604730492335,1.02769523898899,9.591635401879827,32.76447576738699
1.0,1.0,1,10,74,13.0,0.0,0.0,True,0.5873466919580416,0.00010238070936452459,0.9921821919883087,1.0300359771507028,9.752593325322692,33.31459101399926
1.0,1.0,1,11,75,13.5,0.0,0.0,True,0.6066375347130619,0.00024328154995600926,0.9914164040566567,1.0287908015724783,10.096458093381685,34.48996010861947
1.0,1.0,1,12,76,14.0,0.0,0.0,True,0.6886881161806941,0.057307154275383874,0.986179442813538,1.029190392336835,10.440322911305463,35.665297180837555
1.0,1.0,1,13,77,14.5,0.0,0.0,True,0.67145745117888,0.015800745459273458,0.98870804154128,1.0313169500417967,10.877470696890603,37.159445698161775
1.0,1.0,1,14,78,15.0,0.0,0.0,True,0.7496841048262497,0.06668160147819435,0.9855233633243237,1.027387891762809,11.314617703673022,38.65371038479071
1.0,1.0,1,15,79,15.5,-2431.3649525916826,2431.3649525916826,True,0.7789838404250092,0.050014984904003384,0.983417937046241,1.0242271127664282,12.037099799875882,41.12324800028349
1.0,1.0,1,16,80,16.0,0.0,0.0,True,0.8760399942862026,0.09371978037186587,0.9771795568235354,1.0229853776853544,12.759581853150662,43.59274798210427
1.0,1.0,1,17,81,16.5,0.0,0.0,True,0.8383582500543686,0.021868383810215164,0.98733877485732,1.0331733425250953,13.25708864423826,45.29304840303601
1.0,1.0,1,18,82,17.0,0.0,0.0,True,0.8991205819397763,0.04879198776957594,0.9839966999723947,1.028970422664194,13.754595774148695,46.99363235684994
1.0,1.0,1,19,83,17.5,0.0,0.0,True,0.9096114412262362,0.05717475614659406,0.9833855294050774,1.0282382709426856,13.816782897141078,47.20620507754611
1.0,1.0,1,20,84,18.0,0.0,0.0,True,0.9249387852387158,0.07014111802573098,0.9826647848423906,1.0273899300981917,13.87897169833064,47.418785815032386
1.0,1.0,1,21,85,18.5,0.0,0.0,True,0.9249712506538497,0.07286466394035326,0.9826893909522914,1.0274751045252184,13.833244208081691,47.26248554508675
1.0,1.0,1,22,86,19.0,0.0,0.0,True,0.923517957855121,0.07418147561645656,0.9826292582988193,1.0274692048447347,13.787518101271019,47.1061917910908
1.0,1.0,1,23,87,19.5,0.0,0.0,True,0.9065996937187719,0.06951466042859986,0.9835821170775544,1.0286802001040596,13.635705497277714,46.58726579217529
1.0,1.0,1,24,88,20.0,0.0,0.0,True,0.8874766786969654,0.0627303058673532,0.9847201821543744,1.0300889017419614,13.483893148021334,46.0683367905401
1.0,1.0,1,25,89,20.5,0.0,0.0,True,0.865158906686541,0.06489561421914294,0.9857500848896167,1.0317034176822821,13.081497980069013,44.69290055433513
1.0,1.0,1,26,90,21.0,0.0,0.0,True,0.8239113683673744,0.053998770416404086,0.9811480899096903,1.0273236883598815,12.679103112020124,43.3175829719657
1.0,1.0,1,27,91,21.5,0.0,0.0,True,0.7785835080434322,0.03423710368960847,0.9834359997184415,1.0238253467657992,12.364503535031591,42.24233631672886
1.0,1.0,1,28,92,22.0,0.0,0.0,True,0.753711088842385,0.02967579082734062,0.9846553250382483,1.0255205117922481,12.049903527174303,41.16698633502938
1.0,1.0,1,29,93,22.5,0.0,0.0,True,0.7363889045002501,0.029843836499722443,0.9855126937946538,1.0266883718997235,11.846876757411001,40.473008971658345
1.0,1.0,1,30,94,23.0,0.0,0.0,True,0.7123736315158071,0.02355272125921556,0.9866962055840732,1.0282015802113813,11.643850226899445,39.779025666108794
1.0,1.0,1,31,95,23.5,0.0,0.0,True,0.6914243424340748,0.015711606929414756,0.9879015219826864,1.0295999833706662,11.548738555953452,39.453902361917145
1.0,1.0,1,32,96,0.0,0.0,0.0,True,0.6746746347149083,0.011898756582256292,0.9889081921737538,1.0307879835171485,11.453626876160897,39.12878315800536
1.0,1.0,1,33,97,0.5,0.0,0.0,True,0.6638570933972848,0.0050579910493873115,0.9896728420060121,1.0316008046323848,11.451798269374438,39.122516957760524
1.0,1.0,1,34,98,1.0,0.0,0.0,True,0.6612010810542095,0.006109599188672377,0.9898454184385661,1.0317856011714568,11.44996833840836,39.116258548884645
1.0,1.0,1,35,99,1.5,0.0,0.0,True,0.6660934456660274,0.004797655581690208,0.989686487746646,1.0314816501274284,11.556054847510879,39.47887286234783
1.0,1.0,1,36,100,2.0,0.0,0.0,True,0.6683575679151915,0.0009403648866256899,0.9897183377124983,1.031380044436625,11.662140873497131,39.841481559531644
1.0,1.0,1,37,101,2.5,0.0,0.0,True,0.6707842408033194,6.49952880849014e-07,0.9899646523400315,1.0313101671898708,11.920039724592534,40.72299256439672
1.0,1.0,1,38,102,3.0,0.0,0.0,True,0.6741875563326546,1.2958288095887838e-06,0.990140230999818,1.0311651363208485,12.17793873662123,41.604505612826024
1.0,1.0,1,39,103,3.5,0.0,0.0,True,0.7003551414363232,6.907138406120339e-05,0.9891672192206142,1.0358951967386358,12.658982556858378,43.248641876160825
1.0,1.0,1,40,104,4.0,0.0,0.0,True,0.7313119980174849,0.003735548328592131,0.9942545324387428,1.0406899935458374,13.140027970332163,44.89278235894651
1.0,1.0,1,41,105,4.5,0.0,0.0,True,0.7630288391311656,0.0067542624734358014,0.9929673424945883,1.0386065000145042,13.694235952761073,46.78713074288074
1.0,1.0,1,42,106,5.0,0.0,0.0,True,0.79210079396712,0.0072013124508885085,0.9918723572069621,1.0367274802957274,14.24844352321564,48.68147377251147
1.0,1.0,1,43,107,5.5,-4428.67930417083,4428.67930417083,True,0.8088496893488889,0.007252542138303397,0.9912349509607837,1.0356437227372495,14.563042939115844,49.75680987964345
1.0,1.0,1,44,108,6.0,0.0,0.0,True,0.8254938351716417,0.007199347019195557,0.9906053308912862,1.0345680588984625,14.877643362536814,50.83214928926575
1.0,1.0,1,45,109,6.5,0.0,0.0,True,0.8109940008865717,0.0037284755933305875,0.9913050619030538,1.0355588893088739,14.687419773425367,50.181937118762136
1.0,1.0,1,46,110,7.0,0.0,0.0,True,0.7962350945090988,0.0,0.9920234662760735,1.0365695628806895,14.497196546458142,49.53172580329685
1.0,1.0,1,47,111,7.5,-174.10238161683083,0.0,True,0.7578637221092273,0.0,0.9935819086082958,1.0390763970209587,13.838731939698768,47.28101523759044
